0, 0, 0, 0, 0, 0, 0, 0, 
5596197, -8388608, -8388608, 6004939, 5423673, 8388607, 5453697, -8388608, 
5613841, -8388608, -8388608, 6293894, 5571831, 8388607, 5857694, -8388608, 
5607474, -8388608, -8388608, 6202055, 5512786, 8388607, 5737132, -8388608, 
5586670, -8388608, -8388608, 5900262, 5353700, 8388607, 5316834, -8388608, 
5584680, -8388608, -8388608, 5872023, 5347643, 8388607, 5272938, -8388608, 
5593334, -8388608, -8388608, 6013310, 5426259, 8388607, 5460495, -8388608, 
5611195, -8388608, -8388608, 6302305, 5574129, 8388607, 5862837, -8388608, 
5605641, -8388608, -8388608, 6216759, 5517848, 8388607, 5751609, -8388608, 
5585090, -8388608, -8388608, 5911681, 5357423, 8388607, 5327662, -8388608, 
5591687, -8388608, -8388608, 6019658, 5426489, 8388607, 5460932, -8388608, 
5609281, -8388608, -8388608, 6310299, 5575003, 8388607, 5864741, -8388608, 
5603973, -8388608, -8388608, 6231997, 5524168, 8388607, 5763784, -8388608, 
5583541, -8388608, -8388608, 5924053, 5363826, 8388607, 5337564, -8388608, 
5580809, -8388608, -8388608, 5889202, 5352892, 8388607, 5281993, -8388608, 
5589201, -8388608, -8388608, 6024404, 5427943, 8388607, 5462345, -8388608, 
5607378, -8388608, -8388608, 6315418, 5576089, 8388607, 5866673, -8388608, 
5603158, -8388608, -8388608, 6244439, 5526913, 8388607, 5777585, -8388608, 
5581970, -8388608, -8388608, 5932586, 5363396, 8388607, 5347373, -8388608, 
5579076, -8388608, -8388608, 5892759, 5350629, 8388607, 5285888, -8388608, 
5587559, -8388608, -8388608, 6026418, 5426316, 8388607, 5461551, -8388608, 
5605351, -8388608, -8388608, 6319542, 5576214, 8388607, 5865628, -8388608, 
5601345, -8388608, -8388608, 6255916, 5532662, 8388607, 5787054, -8388608, 
5580478, -8388608, -8388608, 5942038, 5368894, 8388607, 5355104, -8388608, 
5577872, -8388608, -8388608, 5898891, 5353879, 8388607, 5289093, -8388608, 
5586526, -8388608, -8388608, 6029601, 5428505, 8388607, 5461378, -8388608, 
5604716, -8388608, -8388608, 6323360, 5578618, 8388607, 5865982, -8388608, 
5600843, -8388608, -8388608, 6267208, 5536828, 8388607, 5798066, -8388608, 
5579516, -8388608, -8388608, 5949486, 5369308, 8388607, 5362974, -8388608, 
5576190, -8388608, -8388608, 5902107, 5353063, 8388607, 5294172, -8388608, 
5584567, -8388608, -8388608, 6031142, 5426464, 8388607, 5462040, -8388608, 
5602447, -8388608, -8388608, 6325820, 5577669, 8388607, 5866851, -8388608, 
5599580, -8388608, -8388608, 6276556, 5541509, 8388607, 5809155, -8388608, 
5578623, -8388608, -8388608, 5957735, 5373802, 8388607, 5369154, -8388608, 
5574991, -8388608, -8388608, 5906324, 5355566, 8388607, 5292430, -8388608, 
5583302, -8388608, -8388608, 6032967, 5427626, 8388607, 5458102, -8388608, 
5601031, -8388608, -8388608, 6328108, 5578112, 8388607, 5862638, -8388608, 
5598258, -8388608, -8388608, 6287744, 5545324, 8388607, 5817041, -8388608, 
5577596, -8388608, -8388608, 5967256, 5376361, 8388607, 5378432, -8388608, 
5574241, -8388608, -8388608, 5912713, 5357153, 8388607, 5298848, -8388608, 
5582180, -8388608, -8388608, 6037541, 5428679, 8388607, 5460514, -8388608, 
5600206, -8388608, -8388608, 6333166, 5580361, 8388607, 5864355, -8388608, 
5598354, -8388608, -8388608, 6301540, 5552667, 8388607, 5830080, -8388608, 
5577091, -8388608, -8388608, 5978946, 5381717, 8388607, 5389559, -8388608, 
5574647, -8388608, -8388608, 6079694, 5420223, 8388607, 5484864, -8388608, 
5567449, -8388608, -8388608, 5970257, 5372390, 8388607, 5334466, -8388608, 
5570842, -8388608, -8388608, 6059760, 5422358, 8388607, 5421181, -8388608, 
5587261, -8388608, -8388608, 6333206, 5565726, 8388607, 5784182, -8388608, 
5595311, -8388608, -8388608, 6468176, 5626524, 8388607, 5970923, -8388608, 
5575419, -8388608, -8388608, 6147572, 5453988, 8388607, 5544936, -8388608, 
5565584, -8388608, -8388608, 5990405, 5379235, 8388607, 5332531, -8388608, 
5570488, -8388608, -8388608, 6059846, 5423146, 8388607, 5419805, -8388608, 
5586631, -8388608, -8388608, 6329923, 5565986, 8388607, 5779129, -8388608, 
5588229, -8388608, -8388608, 6255187, 5588875, 8388607, 5761434, -8388608, 
5573241, -8388608, -8388608, 6017634, 5444065, 8388607, 5436565, -8388608, 
5565299, -8388608, -8388608, 5992127, 5377666, 8388607, 5329304, -8388608, 
5602069, -8388608, -8388608, 6483159, 5678101, 8388607, 6053476, -8388608, 
5565616, -8388608, -8388608, 6046233, 5407538, 8388607, 5410231, -8388608, 
5595403, -8388608, -8388608, 6475001, 5629058, 8388607, 5973670, -8388608, 
5576681, -8388608, -8388608, 6076008, 5451053, 8388607, 5477624, -8388608, 
5565554, -8388608, -8388608, 5995071, 5380718, 8388607, 5327107, -8388608, 
5569364, -8388608, -8388608, 6088588, 5437024, 8388607, 5463671, -8388608, 
5602625, -8388608, -8388608, 6513566, 5645604, 8388607, 6041178, -8388608, 
5597923, -8388608, -8388608, 6510450, 5655319, 8388607, 6016385, -8388608, 
5576289, -8388608, -8388608, 6098340, 5428228, 8388607, 5465201, -8388608, 
5570401, -8388608, -8388608, 6081351, 5435898, 8388607, 5437186, -8388608, 
5583641, -8388608, -8388608, 6317921, 5560390, 8388607, 5758203, -8388608, 
5568774, -8388608, -8388608, 6078518, 5425212, 8388607, 5326451, -8388608, 
5585619, -8388608, -8388608, 6325690, 5551101, 8388607, 5774469, -8388608, 
5582277, -8388608, -8388608, 6267811, 5536760, 8388607, 5694404, -8388608, 
5598194, -8388608, -8388608, 6504672, 5654126, 8388607, 5919226, -8388608, 
5568938, -8388608, -8388608, 6077064, 5424056, 8388607, 5444256, -8388608, 
5567111, -8388608, -8388608, 6031751, 5400570, 8388607, 5326521, -8388608, 
5569018, -8388608, -8388608, 6077189, 5430542, 8388607, 5353171, -8388608, 
5598312, -8388608, -8388608, 6520591, 5662190, 8388607, 6048108, -8388608, 
5570748, -8388608, -8388608, 6096087, 5442732, 8388607, 5478049, -8388608, 
5571485, -8388608, -8388608, 6102783, 5453819, 8388607, 5516805, -8388608, 
5587213, -8388608, -8388608, 6341080, 5558160, 8388607, 5724149, -8388608, 
5584941, -8388608, -8388608, 6328198, 5551113, 8388607, 5796573, -8388608, 
5583877, -8388608, -8388608, 6300959, 5548624, 8388607, 5789928, -8388608, 
5581310, -8388608, -8388608, 6242564, 5521204, 8388607, 5599265, -8388608, 
5568592, -8388608, -8388608, 6067738, 5415902, 8388607, 5377216, -8388608, 
5598389, -8388608, -8388608, 6506421, 5655245, 8388607, 5998409, -8388608, 
5571132, -8388608, -8388608, 6108576, 5449519, 8388607, 5506963, -8388608, 
5587377, -8388608, -8388608, 6351001, 5566049, 8388607, 5689544, -8388608, 
5569458, -8388608, -8388608, 6072943, 5429124, 8388607, 5399664, -8388608, 
5570154, -8388608, -8388608, 6077313, 5432193, 8388607, 5419965, -8388608, 
5586526, -8388608, -8388608, 6329703, 5551509, 8388607, 5753533, -8388608, 
5597414, -8388608, -8388608, 6489571, 5649244, 8388607, 5876178, -8388608, 
5566673, -8388608, -8388608, 6054337, 5419916, 8388607, 5305236, -8388608, 
5568230, -8388608, -8388608, 6105114, 5431398, 8388607, 5382417, -8388608, 
5568523, -8388608, -8388608, 6072788, 5431604, 8388607, 5304639, -8388608, 
5586562, -8388608, -8388608, 6337407, 5561288, 8388607, 5691890, -8388608, 
5589041, -8388608, -8388608, 6391703, 5574440, 8388607, 5782790, -8388608, 
5567157, -8388608, -8388608, 6057476, 5422613, 8388607, 5300456, -8388608, 
5567525, -8388608, -8388608, 6107659, 5425712, 8388607, 5374942, -8388608, 
5591102, -8388608, -8388608, 6405003, 5584616, 8388607, 5835514, -8388608, 
5596590, -8388608, -8388608, 6474629, 5638611, 8388607, 5880291, -8388608, 
5597477, -8388608, -8388608, 6492255, 5639701, 8388607, 5901438, -8388608, 
5566625, -8388608, -8388608, 6072053, 5416821, 8388607, 5326673, -8388608, 
5567221, -8388608, -8388608, 6082404, 5423802, 8388607, 5327144, -8388608, 
5577963, -8388608, -8388608, 6215644, 5503997, 8388607, 5516306, -8388608, 
5592684, -8388608, -8388608, 6404111, 5587409, 8388607, 5860958, -8388608, 
5579956, -8388608, -8388608, 6237224, 5512516, 8388607, 5605142, -8388608, 
5578972, -8388608, -8388608, 6241968, 5509016, 8388607, 5572639, -8388608, 
5598384, -8388608, -8388608, 6502026, 5642994, 8388607, 5942358, -8388608, 
5569628, -8388608, -8388608, 6131458, 5440844, 8388607, 5449814, -8388608, 
5570646, -8388608, -8388608, 6127288, 5440873, 8388607, 5469366, -8388608, 
5568734, -8388608, -8388608, 6100731, 5434568, 8388607, 5433426, -8388608, 
5579269, -8388608, -8388608, 6227226, 5506259, 8388607, 5613303, -8388608, 
5599913, -8388608, -8388608, 6485869, 5640447, 8388607, 5989052, -8388608, 
5592621, -8388608, -8388608, 6405459, 5587509, 8388607, 5878794, -8388608, 
5569991, -8388608, -8388608, 6128136, 5441774, 8388607, 5483061, -8388608, 
5568907, -8388608, -8388608, 6101003, 5438623, 8388607, 5441757, -8388608, 
5579619, -8388608, -8388608, 6227342, 5512622, 8388607, 5617436, -8388608, 
5600111, -8388608, -8388608, 6487106, 5644861, 8388607, 5992719, -8388608, 
5593139, -8388608, -8388608, 6411622, 5592230, 8388607, 5889262, -8388608, 
5569979, -8388608, -8388608, 6130451, 5442608, 8388607, 5485118, -8388608, 
5568456, -8388608, -8388608, 6097651, 5434940, 8388607, 5438036, -8388608, 
5579008, -8388608, -8388608, 6220491, 5506128, 8388607, 5608663, -8388608, 
5599934, -8388608, -8388608, 6482876, 5643373, 8388607, 5987458, -8388608, 
5593224, -8388608, -8388608, 6413825, 5595925, 8388607, 5892444, -8388608, 
5570214, -8388608, -8388608, 6129404, 5444683, 8388607, 5482068, -8388608, 
5568358, -8388608, -8388608, 6094121, 5434718, 8388607, 5429899, -8388608, 
5578597, -8388608, -8388608, 6216402, 5504803, 8388607, 5600989, -8388608, 
5600001, -8388608, -8388608, 6480872, 5643151, 8388607, 5984761, -8388608, 
5594439, -8388608, -8388608, 6418503, 5599891, 8388607, 5899619, -8388608, 
5570385, -8388608, -8388608, 6129604, 5445308, 8388607, 5483906, -8388608, 
5567992, -8388608, -8388608, 6090234, 5432504, 8388607, 5424638, -8388608, 
5578371, -8388608, -8388608, 6210775, 5502046, 8388607, 5592466, -8388608, 
5600118, -8388608, -8388608, 6478654, 5641952, 8388607, 5980293, -8388608, 
5594581, -8388608, -8388608, 6422826, 5601873, 8388607, 5902979, -8388608, 
5570356, -8388608, -8388608, 6129013, 5445629, 8388607, 5479352, -8388608, 
5567891, -8388608, -8388608, 6086025, 5431171, 8388607, 5416536, -8388608, 
5578133, -8388608, -8388608, 6203881, 5499324, 8388607, 5578707, -8388608, 
5600311, -8388608, -8388608, 6474993, 5641241, 8388607, 5969011, -8388608, 
5594909, -8388608, -8388608, 6425416, 5604675, 8388607, 5904153, -8388608, 
5569903, -8388608, -8388608, 6126562, 5445548, 8388607, 5474894, -8388608, 
5567168, -8388608, -8388608, 6079675, 5429396, 8388607, 5403973, -8388608, 
5577388, -8388608, -8388608, 6197764, 5498389, 8388607, 5565344, -8388608, 
5599383, -8388608, -8388608, 6470526, 5640066, 8388607, 5956995, -8388608, 
5595150, -8388608, -8388608, 6427912, 5605975, 8388607, 5900344, -8388608, 
5570230, -8388608, -8388608, 6126228, 5444168, 8388607, 5467928, -8388608, 
5566921, -8388608, -8388608, 6075156, 5425198, 8388607, 5392096, -8388608, 
5576652, -8388608, -8388608, 6191143, 5493300, 8388607, 5551541, -8388608, 
5599076, -8388608, -8388608, 6466394, 5639037, 8388607, 5945978, -8388608, 
5595666, -8388608, -8388608, 6431565, 5609807, 8388607, 5900823, -8388608, 
5569833, -8388608, -8388608, 6125606, 5444770, 8388607, 5462288, -8388608, 
5576676, -8388608, -8388608, 6187433, 5492419, 8388607, 5540990, -8388608, 
5599410, -8388608, -8388608, 6465429, 5637676, 8388607, 5935919, -8388608, 
5596363, -8388608, -8388608, 6438341, 5612778, 8388607, 5899956, -8388608, 
5570433, -8388608, -8388608, 6127378, 5446909, 8388607, 5456153, -8388608, 
5566319, -8388608, -8388608, 6068607, 5424487, 8388607, 5369004, -8388608, 
5576353, -8388608, -8388608, 6182746, 5490176, 8388607, 5524206, -8388608, 
5599608, -8388608, -8388608, 6463459, 5637088, 8388607, 5924866, -8388608, 
5597256, -8388608, -8388608, 6443718, 5615349, 8388607, 5900127, -8388608, 
5570531, -8388608, -8388608, 6129003, 5446023, 8388607, 5450583, -8388608, 
5566195, -8388608, -8388608, 6066205, 5422418, 8388607, 5359639, -8388608, 
5576188, -8388608, -8388608, 6179416, 5488699, 8388607, 5513524, -8388608, 
5597005, -8388608, -8388608, 6449669, 5617436, 8388607, 5899818, -8388608, 
5570263, -8388608, -8388608, 6129514, 5444453, 8388607, 5442824, -8388608, 
5565973, -8388608, -8388608, 6063879, 5418791, 8388607, 5343698, -8388608, 
5575988, -8388608, -8388608, 6176548, 5485411, 8388607, 5494734, -8388608, 
5599023, -8388608, -8388608, 6462743, 5636701, 8388607, 5902853, -8388608, 
5597744, -8388608, -8388608, 6457898, 5622383, 8388607, 5903265, -8388608, 
5571031, -8388608, -8388608, 6133276, 5447549, 8388607, 5445364, -8388608, 
5566035, -8388608, -8388608, 6062121, 5418524, 8388607, 5344165, -8388608, 
5575736, -8388608, -8388608, 6173191, 5482743, 8388607, 5495207, -8388608, 
5599369, -8388608, -8388608, 6464645, 5635324, 8388607, 5906747, -8388608, 
5598737, -8388608, -8388608, 6469988, 5627289, 8388607, 5919791, -8388608, 
5571371, -8388608, -8388608, 6135324, 5447341, 8388607, 5453334, -8388608, 
5565699, -8388608, -8388608, 6053588, 5412903, 8388607, 5339783, -8388608, 
5575148, -8388608, -8388608, 6161136, 5477428, 8388607, 5485434, -8388608, 
5599168, -8388608, -8388608, 6461607, 5635949, 8388607, 5902996, -8388608, 
5599486, -8388608, -8388608, 6478662, 5634104, 8388607, 5931302, -8388608, 
5571863, -8388608, -8388608, 6140861, 5452296, 8388607, 5462623, -8388608, 
5565889, -8388608, -8388608, 6058584, 5417748, 8388607, 5345608, -8388608, 
5574903, -8388608, -8388608, 6164660, 5480494, 8388607, 5491005, -8388608, 
5598154, -8388608, -8388608, 6457203, 5634166, 8388607, 5903053, -8388608, 
5599162, -8388608, -8388608, 6478341, 5633927, 8388607, 5938610, -8388608, 
5571213, -8388608, -8388608, 6141389, 5452084, 8388607, 5470705, -8388608, 
5565125, -8388608, -8388608, 6049495, 5412674, 8388607, 5347184, -8388608, 
5574473, -8388608, -8388608, 6149368, 5473578, 8388607, 5485704, -8388608, 
5598802, -8388608, -8388608, 6460017, 5637834, 8388607, 5912838, -8388608, 
5600680, -8388608, -8388608, 6500407, 5646423, 8388607, 5971789, -8388608, 
5571251, -8388608, -8388608, 6131120, 5447289, 8388607, 5479129, -8388608, 
5564490, -8388608, -8388608, 6025011, 5402313, 8388607, 5341057, -8388608, 
5573936, -8388608, -8388608, 6137091, 5470739, 8388607, 5489198, -8388608, 
5597844, -8388608, -8388608, 6468239, 5643083, 8388607, 5934380, -8388608, 
5600459, -8388608, -8388608, 6510613, 5652081, 8388607, 6002704, -8388608, 
5571240, -8388608, -8388608, 6127655, 5447453, 8388607, 5501051, -8388608, 
5564211, -8388608, -8388608, 6020352, 5401589, 8388607, 5360001, -8388608, 
5573603, -8388608, -8388608, 6131074, 5468209, 8388607, 5507922, -8388608, 
5598099, -8388608, -8388608, 6462725, 5640820, 8388607, 5948911, -8388608, 
5601141, -8388608, -8388608, 6512859, 5653649, 8388607, 6025939, -8388608, 
5571883, -8388608, -8388608, 6127270, 5446918, 8388607, 5521861, -8388608, 
5564218, -8388608, -8388608, 6014364, 5397661, 8388607, 5374354, -8388608, 
5572859, -8388608, -8388608, 6121977, 5463338, 8388607, 5517018, -8388608, 
5596971, -8388608, -8388608, 6454708, 5637913, 8388607, 5960113, -8388608, 
5600843, -8388608, -8388608, 6515609, 5657776, 8388607, 6051256, -8388608, 
5572041, -8388608, -8388608, 6130028, 5450287, 8388607, 5544898, -8388608, 
5564569, -8388608, -8388608, 6012236, 5398509, 8388607, 5387091, -8388608, 
5573003, -8388608, -8388608, 6118463, 5462480, 8388607, 5522544, -8388608, 
5597023, -8388608, -8388608, 6449851, 5635657, 8388607, 5958125, -8388608, 
5601900, -8388608, -8388608, 6520552, 5659910, 8388607, 6054134, -8388608, 
5573099, -8388608, -8388608, 6146237, 5459061, 8388607, 5527676, -8388608, 
5564215, -8388608, -8388608, 6014294, 5399305, 8388607, 5375548, -8388608, 
5564301, -8388608, -8388608, 6023118, 5403368, 8388607, 5343501, -8388608, 
5572408, -8388608, -8388608, 6115922, 5461454, 8388607, 5451393, -8388608, 
5564343, -8388608, -8388608, 6018067, 5400908, 8388607, 5354136, -8388608, 
5603371, -8388608, -8388608, 6546043, 5673780, 8388607, 6035778, -8388608, 
5595651, -8388608, -8388608, 6433606, 5627326, 8388607, 5868028, -8388608, 
5565211, -8388608, -8388608, 6028603, 5406745, 8388607, 5339661, -8388608, 
5602788, -8388608, -8388608, 6540126, 5670228, 8388607, 6030875, -8388608, 
5604441, -8388608, -8388608, 6559549, 5680256, 8388607, 6043416, -8388608, 
5572453, -8388608, -8388608, 6117649, 5462088, 8388607, 5461217, -8388608, 
5595885, -8388608, -8388608, 6438867, 5630508, 8388607, 5883161, -8388608, 
5572773, -8388608, -8388608, 6118044, 5462302, 8388607, 5455448, -8388608, 
5575693, -8388608, -8388608, 6175372, 5473420, 8388607, 5539351, -8388608, 
5595176, -8388608, -8388608, 6428768, 5625162, 8388607, 5860805, -8388608, 
5605099, -8388608, -8388608, 6567493, 5685319, 8388607, 6051446, -8388608, 
5577446, -8388608, -8388608, 6195676, 5484713, 8388607, 5564317, -8388608, 
5565754, -8388608, -8388608, 6029893, 5407954, 8388607, 5342052, -8388608, 
5572770, -8388608, -8388608, 6113913, 5460303, 8388607, 5446955, -8388608, 
5594168, -8388608, -8388608, 6416832, 5618914, 8388607, 5841434, -8388608, 
5605516, -8388608, -8388608, 6569979, 5686969, 8388607, 6053373, -8388608, 
5578065, -8388608, -8388608, 6203548, 5488791, 8388607, 5568252, -8388608, 
5565169, -8388608, -8388608, 6029826, 5406748, 8388607, 5338179, -8388608, 
5605160, -8388608, -8388608, 6571781, 5688556, 8388607, 6052343, -8388608, 
5578022, -8388608, -8388608, 6207568, 5491201, 8388607, 5574497, -8388608, 
5565920, -8388608, -8388608, 6030433, 5407176, 8388607, 5339649, -8388608, 
5572603, -8388608, -8388608, 6109143, 5457696, 8388607, 5440692, -8388608, 
5594384, -8388608, -8388608, 6412136, 5617727, 8388607, 5838198, -8388608, 
5606754, -8388608, -8388608, 6576996, 5691256, 8388607, 6060159, -8388608, 
5579518, -8388608, -8388608, 6214868, 5494261, 8388607, 5584016, -8388608, 
5566687, -8388608, -8388608, 6031084, 5407593, 8388607, 5340685, -8388608, 
5573293, -8388608, -8388608, 6106971, 5456110, 8388607, 5436783, -8388608, 
5580134, -8388608, -8388608, 6219684, 5497803, 8388607, 5592483, -8388608, 
5566054, -8388608, -8388608, 6031304, 5408154, 8388607, 5342722, -8388608, 
5572546, -8388608, -8388608, 6105196, 5456157, 8388607, 5436829, -8388608, 
5594118, -8388608, -8388608, 6400804, 5612003, 8388607, 5825406, -8388608, 
5606269, -8388608, -8388608, 6578697, 5693539, 8388607, 6068866, -8388608, 
5579617, -8388608, -8388608, 6224616, 5500903, 8388607, 5607700, -8388608, 
5565868, -8388608, -8388608, 6030735, 5407170, 8388607, 5350753, -8388608, 
5572063, -8388608, -8388608, 6102498, 5453060, 8388607, 5441708, -8388608, 
5593009, -8388608, -8388608, 6394644, 5607751, 8388607, 5825769, -8388608, 
5605975, -8388608, -8388608, 6580573, 5694568, 8388607, 6079851, -8388608, 
5580093, -8388608, -8388608, 6230941, 5504060, 8388607, 5622671, -8388608, 
5565951, -8388608, -8388608, 6031206, 5406786, 8388607, 5361079, -8388608, 
5572058, -8388608, -8388608, 6100171, 5452116, 8388607, 5447507, -8388608, 
5592678, -8388608, -8388608, 6389337, 5605504, 8388607, 5825213, -8388608, 
5606562, -8388608, -8388608, 6583281, 5696131, 8388607, 6087051, -8388608, 
5580904, -8388608, -8388608, 6237097, 5507199, 8388607, 5637145, -8388608, 
5566581, -8388608, -8388608, 6032233, 5408340, 8388607, 5367280, -8388608, 
5572689, -8388608, -8388608, 6099185, 5453310, 8388607, 5452656, -8388608, 
5593123, -8388608, -8388608, 6384438, 5604989, 8388607, 5827313, -8388608, 
5607119, -8388608, -8388608, 6585055, 5698424, 8388607, 6099157, -8388608, 
5581593, -8388608, -8388608, 6243328, 5511551, 8388607, 5656145, -8388608, 
5566691, -8388608, -8388608, 6032778, 5409955, 8388607, 5382456, -8388608, 
5573002, -8388608, -8388608, 6097249, 5452940, 8388607, 5465463, -8388608, 
5592969, -8388608, -8388608, 6377416, 5601024, 8388607, 5835165, -8388608, 
5607107, -8388608, -8388608, 6584883, 5699114, 8388607, 6119762, -8388608, 
5582269, -8388608, -8388608, 6247020, 5514521, 8388607, 5685811, -8388608, 
5566889, -8388608, -8388608, 6030416, 5407816, 8388607, 5406443, -8388608, 
5572146, -8388608, -8388608, 6091079, 5448145, 8388607, 5487921, -8388608, 
5592218, -8388608, -8388608, 6368055, 5595595, 8388607, 5857056, -8388608, 
5571961, -8388608, -8388608, 6078706, 5444294, 8388607, 5499325, -8388608, 
5582313, -8388608, -8388608, 6247484, 5514088, 8388607, 5718252, -8388608, 
5583549, -8388608, -8388608, 6255694, 5519890, 8388607, 5748484, -8388608, 
5571951, -8388608, -8388608, 6083796, 5446160, 8388607, 5507668, -8388608, 
5591484, -8388608, -8388608, 6356598, 5591521, 8388607, 5868049, -8388608, 
5591074, -8388608, -8388608, 6350148, 5588722, 8388607, 5867846, -8388608, 
5582800, -8388608, -8388608, 6250194, 5517310, 8388607, 5743981, -8388608, 
5585126, -8388608, -8388608, 6269819, 5527155, 8388607, 5697186, -8388608, 
5591266, -8388608, -8388608, 6344911, 5585925, 8388607, 5838523, -8388608, 
5591203, -8388608, -8388608, 6340091, 5582974, 8388607, 5793838, -8388608, 
5590637, -8388608, -8388608, 6334915, 5581136, 8388607, 5752059, -8388608, 
5590239, -8388608, -8388608, 6332299, 5577277, 8388607, 5742272, -8388608, 
5567385, -8388608, -8388608, 6028335, 5408006, 8388607, 5374924, -8388608, 
5571967, -8388608, -8388608, 6077489, 5442295, 8388607, 5430239, -8388608, 
5567739, -8388608, -8388608, 6036769, 5412324, 8388607, 5364531, -8388608, 
5608181, -8388608, -8388608, 6584536, 5699121, 8388607, 6089845, -8388608, 
5608445, -8388608, -8388608, 6588411, 5703424, 8388607, 6086855, -8388608, 
5608463, -8388608, -8388608, 6591122, 5702318, 8388607, 6084550, -8388608, 
5586837, -8388608, -8388608, 6296723, 5538763, 8388607, 5703294, -8388608, 
5568296, -8388608, -8388608, 6039388, 5410963, 8388607, 5362769, -8388608, 
5572436, -8388608, -8388608, 6080479, 5442610, 8388607, 5411317, -8388608, 
5587915, -8388608, -8388608, 6294368, 5558672, 8388607, 5679886, -8388608, 
5609070, -8388608, -8388608, 6595008, 5705177, 8388607, 6084491, -8388608, 
5587565, -8388608, -8388608, 6305905, 5544973, 8388607, 5712723, -8388608, 
5569832, -8388608, -8388608, 6053689, 5418870, 8388607, 5371610, -8388608, 
5572209, -8388608, -8388608, 6080540, 5444137, 8388607, 5409979, -8388608, 
5608677, -8388608, -8388608, 6590556, 5704100, 8388607, 6071768, -8388608, 
5608709, -8388608, -8388608, 6594332, 5704292, 8388607, 6082731, -8388608, 
5587963, -8388608, -8388608, 6312491, 5547879, 8388607, 5719720, -8388608, 
5572511, -8388608, -8388608, 6075305, 5440536, 8388607, 5397831, -8388608, 
5572704, -8388608, -8388608, 6081097, 5442857, 8388607, 5409768, -8388608, 
5588781, -8388608, -8388608, 6311225, 5567779, 8388607, 5702706, -8388608, 
5590603, -8388608, -8388608, 6338915, 5561941, 8388607, 5749555, -8388608, 
5588672, -8388608, -8388608, 6305339, 5562627, 8388607, 5696849, -8388608, 
5568874, -8388608, -8388608, 6046640, 5414542, 8388607, 5369446, -8388608, 
5572129, -8388608, -8388608, 6078622, 5441566, 8388607, 5408384, -8388608, 
5569302, -8388608, -8388608, 6049819, 5415354, 8388607, 5369716, -8388608, 
5608260, -8388608, -8388608, 6593154, 5704276, 8388607, 6076870, -8388608, 
5608925, -8388608, -8388608, 6594165, 5706814, 8388607, 6076680, -8388608, 
5608629, -8388608, -8388608, 6589432, 5704074, 8388607, 6068508, -8388608, 
5590871, -8388608, -8388608, 6351067, 5569451, 8388607, 5761410, -8388608, 
5569520, -8388608, -8388608, 6055053, 5420443, 8388607, 5374189, -8388608, 
5571975, -8388608, -8388608, 6072873, 5439181, 8388607, 5395234, -8388608, 
5587831, -8388608, -8388608, 6290011, 5556226, 8388607, 5674763, -8388608, 
5608900, -8388608, -8388608, 6588614, 5703886, 8388607, 6066962, -8388608, 
5591734, -8388608, -8388608, 6357904, 5573171, 8388607, 5770406, -8388608, 
5569661, -8388608, -8388608, 6057490, 5420487, 8388607, 5376020, -8388608, 
5571943, -8388608, -8388608, 6071841, 5437966, 8388607, 5391843, -8388608, 
5587899, -8388608, -8388608, 6285223, 5553748, 8388607, 5666943, -8388608, 
5608988, -8388608, -8388608, 6587757, 5703399, 8388607, 6066233, -8388608, 
5591812, -8388608, -8388608, 6364611, 5575304, 8388607, 5781659, -8388608, 
5569429, -8388608, -8388608, 6058689, 5420396, 8388607, 5380802, -8388608, 
5571816, -8388608, -8388608, 6070784, 5437503, 8388607, 5391964, -8388608, 
5587014, -8388608, -8388608, 6281123, 5551930, 8388607, 5661006, -8388608, 
5608343, -8388608, -8388608, 6586882, 5703491, 8388607, 6065067, -8388608, 
5592536, -8388608, -8388608, 6371333, 5580035, 8388607, 5790214, -8388608, 
5569954, -8388608, -8388608, 6061179, 5422954, 8388607, 5382562, -8388608, 
5571911, -8388608, -8388608, 6070051, 5438779, 8388607, 5388881, -8388608, 
5587014, -8388608, -8388608, 6275873, 5550468, 8388607, 5653104, -8388608, 
5608663, -8388608, -8388608, 6585998, 5703469, 8388607, 6060953, -8388608, 
5593013, -8388608, -8388608, 6377626, 5583461, 8388607, 5795690, -8388608, 
5570409, -8388608, -8388608, 6063151, 5422536, 8388607, 5383784, -8388608, 
5572004, -8388608, -8388608, 6068107, 5434897, 8388607, 5387804, -8388608, 
5586569, -8388608, -8388608, 6270316, 5545734, 8388607, 5646936, -8388608, 
5608469, -8388608, -8388608, 6582944, 5701862, 8388607, 6057835, -8388608, 
5593964, -8388608, -8388608, 6383716, 5585691, 8388607, 5803874, -8388608, 
5570457, -8388608, -8388608, 6064778, 5423621, 8388607, 5386509, -8388608, 
5571391, -8388608, -8388608, 6067410, 5435848, 8388607, 5385926, -8388608, 
5608518, -8388608, -8388608, 6582297, 5702405, 8388607, 6054568, -8388608, 
5594654, -8388608, -8388608, 6391251, 5592271, 8388607, 5811895, -8388608, 
5571169, -8388608, -8388608, 6068111, 5428439, 8388607, 5390276, -8388608, 
5571984, -8388608, -8388608, 6067266, 5438310, 8388607, 5385310, -8388608, 
5585754, -8388608, -8388608, 6261539, 5542408, 8388607, 5634480, -8388608, 
5608361, -8388608, -8388608, 6579448, 5699741, 8388607, 6049591, -8388608, 
5594515, -8388608, -8388608, 6396300, 5592686, 8388607, 5815613, -8388608, 
5570786, -8388608, -8388608, 6069509, 5426854, 8388607, 5389718, -8388608, 
5571595, -8388608, -8388608, 6065932, 5435571, 8388607, 5384253, -8388608, 
5585417, -8388608, -8388608, 6255800, 5538880, 8388607, 5626070, -8388608, 
5608210, -8388608, -8388608, 6576294, 5699948, 8388607, 6046072, -8388608, 
5595572, -8388608, -8388608, 6401666, 5598574, 8388607, 5824271, -8388608, 
5571561, -8388608, -8388608, 6069826, 5429054, 8388607, 5391581, -8388608, 
5572605, -8388608, -8388608, 6062896, 5435821, 8388607, 5379447, -8388608, 
5586436, -8388608, -8388608, 6250242, 5538477, 8388607, 5618502, -8388608, 
5572199, -8388608, -8388608, 6061431, 5434434, 8388607, 5379504, -8388608, 
5596361, -8388608, -8388608, 6407633, 5601668, 8388607, 5833151, -8388608, 
5585431, -8388608, -8388608, 6244719, 5535431, 8388607, 5613609, -8388608, 
5608551, -8388608, -8388608, 6569949, 5697386, 8388607, 6040646, -8388608, 
5572284, -8388608, -8388608, 6073384, 5430019, 8388607, 5400237, -8388608, 
5572453, -8388608, -8388608, 6059899, 5433387, 8388607, 5377586, -8388608, 
5585318, -8388608, -8388608, 6239398, 5531849, 8388607, 5606568, -8388608, 
5608176, -8388608, -8388608, 6567029, 5697103, 8388607, 6036959, -8388608, 
5597142, -8388608, -8388608, 6418719, 5608938, 8388607, 5847967, -8388608, 
5572494, -8388608, -8388608, 6077761, 5433492, 8388607, 5403414, -8388608, 
5572363, -8388608, -8388608, 6060125, 5434359, 8388607, 5377234, -8388608, 
5585201, -8388608, -8388608, 6235400, 5530761, 8388607, 5601716, -8388608, 
5608254, -8388608, -8388608, 6564803, 5696304, 8388607, 6033666, -8388608, 
5597943, -8388608, -8388608, 6424778, 5611367, 8388607, 5857119, -8388608, 
5572827, -8388608, -8388608, 6079914, 5433736, 8388607, 5407766, -8388608, 
5572576, -8388608, -8388608, 6059111, 5434431, 8388607, 5377405, -8388608, 
5585387, -8388608, -8388608, 6232861, 5531444, 8388607, 5598010, -8388608, 
5608286, -8388608, -8388608, 6565267, 5697473, 8388607, 6032821, -8388608, 
5598069, -8388608, -8388608, 6431658, 5614679, 8388607, 5866370, -8388608, 
5573174, -8388608, -8388608, 6083410, 5435872, 8388607, 5410459, -8388608, 
5572865, -8388608, -8388608, 6059642, 5435693, 8388607, 5375872, -8388608, 
5585259, -8388608, -8388608, 6229107, 5529908, 8388607, 5592213, -8388608, 
5608677, -8388608, -8388608, 6562986, 5697786, 8388607, 6029944, -8388608, 
5599447, -8388608, -8388608, 6438881, 5620271, 8388607, 5873724, -8388608, 
5573879, -8388608, -8388608, 6087066, 5438538, 8388607, 5415513, -8388608, 
5572478, -8388608, -8388608, 6058658, 5434064, 8388607, 5375465, -8388608, 
5584476, -8388608, -8388608, 6224124, 5525673, 8388607, 5586063, -8388608, 
5608162, -8388608, -8388608, 6559776, 5694937, 8388607, 6024934, -8388608, 
5600169, -8388608, -8388608, 6444524, 5622694, 8388607, 5882374, -8388608, 
5574586, -8388608, -8388608, 6089693, 5439933, 8388607, 5420556, -8388608, 
5572730, -8388608, -8388608, 6057318, 5-433991, 8388607, 5376088, -8388608,
5584597, -8388608, -8388608, 6219932, 5523688, 8388607, 5582795, -8388608, 
5608387, -8388608, -8388608, 6557893, 5694690, 8388607, 6022808, -8388608, 
5574037, -8388608, -8388608, 6092408, 5442083, 8388607, 5425195, -8388608, 
5572456, -8388608, -8388608, 6056114, 5432869, 8388607, 5375223, -8388608, 
5584253, -8388608, -8388608, 6215316, 5521303, 8388607, 5577638, -8388608, 
5608198, -8388608, -8388608, 6554044, 5692559, 8388607, 6019118, -8388608, 
5600611, -8388608, -8388608, 6455941, 5628966, 8388607, 5896079, -8388608, 
5574474, -8388608, -8388608, 6095243, 5443259, 8388607, 5426583, -8388608, 
5572713, -8388608, -8388608, 6055808, 5433660, 8388607, 5373256, -8388608, 
5584164, -8388608, -8388608, 6212582, 5520157, 8388607, 5572183, -8388608, 
5607998, -8388608, -8388608, 6551658, 5690636, 8388607, 6013508, -8388608, 
5600554, -8388608, -8388608, 6461376, 5630806, 8388607, 5902285, -8388608, 
5574583, -8388608, -8388608, 6098600, 5443503, 8388607, 5429879, -8388608, 
5572622, -8388608, -8388608, 6055604, 5433124, 8388607, 5370870, -8388608, 
5584058, -8388608, -8388608, 6209191, 5518722, 8388607, 5566094, -8388608, 
5608007, -8388608, -8388608, 6549187, 5689157, 8388607, 6009161, -8388608, 
5601449, -8388608, -8388608, 6468424, 5635036, 8388607, 5911499, -8388608, 
5574711, -8388608, -8388608, 6102703, 5445513, 8388607, 5436479, -8388608, 
5572318, -8388608, -8388608, 6055048, 5430881, 8388607, 5371648, -8388608, 
5583983, -8388608, -8388608, 6206510, 5516694, 8388607, 5563133, -8388608, 
5607651, -8388608, -8388608, 6548356, 5690366, 8388607, 6008600, -8388608, 
5602347, -8388608, -8388608, 6476918, 5639907, 8388607, 5922954, -8388608, 
5575758, -8388608, -8388608, 6108896, 5447844, 8388607, 5444446, -8388608, 
5572593, -8388608, -8388608, 6057807, 5430831, 8388607, 5374078, -8388608, 
5583353, -8388608, -8388608, 6204773, 5515098, 8388607, 5560258, -8388608, 
5607001, -8388608, -8388608, 6545851, 5687892, 8388607, 6005676, -8388608, 
5602600, -8388608, -8388608, 6483920, 5642019, 8388607, 5932236, -8388608, 
5576010, -8388608, -8388608, 6114330, 5450317, 8388607, 5450281, -8388608, 
5572519, -8388608, -8388608, 6057404, 5430798, 8388607, 5373627, -8388608, 
5583370, -8388608, -8388608, 6201735, 5513284, 8388607, 5557064, -8388608, 
5607275, -8388608, -8388608, 6543031, 5686686, 8388607, 5999776, -8388608, 
5603068, -8388608, -8388608, 6489898, 5645713, 8388607, 5938006, -8388608, 
5575999, -8388608, -8388608, 6118204, 5451798, 8388607, 5456141, -8388608, 
5572411, -8388608, -8388608, 6057245, 5430679, 8388607, 5375102, -8388608, 
5583123, -8388608, -8388608, 6199709, 5510514, 8388607, 5552746, -8388608, 
5606592, -8388608, -8388608, 6540232, 5684211, 8388607, 5995008, -8388608, 
5603309, -8388608, -8388608, 6496610, 5649244, 8388607, 5944961, -8388608, 
5576523, -8388608, -8388608, 6123515, 5454693, 8388607, 5461311, -8388608, 
5572479, -8388608, -8388608, 6058191, 5430972, 8388607, 5374633, -8388608, 
5582766, -8388608, -8388608, 6196524, 5509491, 8388607, 5548103, -8388608, 
5606619, -8388608, -8388608, 6537626, 5683099, 8388607, 5990906, -8388608, 
5603746, -8388608, -8388608, 6503433, 5652434, 8388607, 5952718, -8388608, 
5576696, -8388608, -8388608, 6127426, 5455582, 8388607, 5465164, -8388608, 
5572474, -8388608, -8388608, 6057308, 5428788, 8388607, 5372172, -8388608, 
5582906, -8388608, -8388608, 6193290, 5505849, 8388607, 5543988, -8388608, 
5606600, -8388608, -8388608, 6533244, 5680196, 8388607, 5984705, -8388608, 
5604749, -8388608, -8388608, 6508093, 5655629, 8388607, 5957907, -8388608, 
5577535, -8388608, -8388608, 6132098, 5459256, 8388607, 5469411, -8388608, 
5572619, -8388608, -8388608, 6057837, 5430891, 8388607, 5370244, -8388608, 
5582409, -8388608, -8388608, 6190314, 5506715, 8388607, 5537339, -8388608, 
5605854, -8388608, -8388608, 6529641, 5679643, 8388607, 5978341, -8388608, 
5604558, -8388608, -8388608, 6514109, 5657936, 8388607, 5963879, -8388608, 
5577314, -8388608, -8388608, 6136893, 5460400, 8388607, 5473496, -8388608, 
5572475, -8388608, -8388608, 6057704, 5429914, 8388607, 5368278, -8388608, 
5582313, -8388608, -8388608, 6187792, 5504156, 8388607, 5532366, -8388608, 
5605834, -8388608, -8388608, 6525809, 5676578, 8388607, 5972963, -8388608, 
5604898, -8388608, -8388608, 6519488, 5660296, 8388607, 5970461, -8388608, 
5577609, -8388608, -8388608, 6141769, 5462924, 8388607, 5479521, -8388608, 
5572671, -8388608, -8388608, 6059134, 5430370, 8388607, 5369524, -8388608, 
5582484, -8388608, -8388608, 6185485, 5502797, 8388607, 5529185, -8388608, 
5605533, -8388608, -8388608, 6525816, 5664991, 8388607, 5978602, -8388608, 
5577669, -8388608, -8388608, 6146127, 5465693, 8388607, 5485003, -8388608, 
5572193, -8388608, -8388608, 6058433, 5429798, 8388607, 5368837, -8388608, 
5581855, -8388608, -8388608, 6182423, 5502083, 8388607, 5524840, -8388608, 
5605588, -8388608, -8388608, 6519248, 5674941, 8388607, 5962831, -8388608, 
5606137, -8388608, -8388608, 6531052, 5667063, 8388607, 5984710, -8388608, 
5578565, -8388608, -8388608, 6150316, 5467329, 8388607, 5491209, -8388608, 
5572484, -8388608, -8388608, 6058621, 5429855, 8388607, 5368329, -8388608, 
5581370, -8388608, -8388608, 6179213, 5499088, 8388607, 5519594, -8388608, 
5604957, -8388608, -8388608, 6512798, 5669551, 8388607, 5954931, -8388608, 
5606257, -8388608, -8388608, 6533646, 5667744, 8388607, 5990271, -8388608, 
5578935, -8388608, -8388608, 6154038, 5467960, 8388607, 5495994, -8388608, 
5606953, -8388608, -8388608, 6537249, 5670507, 8388607, 5992577, -8388608, 
5582159, -8388608, -8388608, 6175193, 5497576, 8388607, 5514633, -8388608, 
5579048, -8388608, -8388608, 6157467, 5471673, 8388607, 5499399, -8388608, 
5571847, -8388608, -8388608, 6055529, 5429379, 8388607, 5365139, -8388608, 
5580811, -8388608, -8388608, 6169989, 5496456, 8388607, 5509413, -8388608, 
5604105, -8388608, -8388608, 6501079, 5666076, 8388607, 5940778, -8388608, 
5606922, -8388608, -8388608, 6540609, 5674163, 8388607, 5998864, -8388608, 
5579654, -8388608, -8388608, 6160764, 5473142, 8388607, 5505813, -8388608, 
5572499, -8388608, -8388608, 6054184, 5427527, 8388607, 5364419, -8388608, 
5581192, -8388608, -8388608, 6165409, 5492548, 8388607, 5503446, -8388608, 
5604316, -8388608, -8388608, 6495159, 5662024, 8388607, 5932744, -8388608, 
5607736, -8388608, -8388608, 6543434, 5674109, 8388607, 6002213, -8388608, 
5580293, -8388608, -8388608, 6163583, 5474019, 8388607, 5509564, -8388608, 
5573159, -8388608, -8388608, 6052841, 5428060, 8388607, 5361580, -8388608, 
5581846, -8388608, -8388608, 6162089, 5492594, 8388607, 5498969, -8388608, 
5604279, -8388608, -8388608, 6489627, 5660562, 8388607, 5925574, -8388608, 
5607932, -8388608, -8388608, 6547353, 5677761, 8388607, 6007167, -8388608, 
5580584, -8388608, -8388608, 6168347, 5477669, 8388607, 5515864, -8388608, 
5572548, -8388608, -8388608, 6052197, 5426880, 8388607, 5362151, -8388608, 
5581056, -8388608, -8388608, 6158602, 5489259, 8388607, 5496057, -8388608, 
5603849, -8388608, -8388608, 6484984, 5657671, 8388607, 5921166, -8388608, 
5608609, -8388608, -8388608, 6551511, 5679848, 8388607, 6016056, -8388608, 
5581203, -8388608, -8388608, 6172874, 5478756, 8388607, 5523345, -8388608, 
5573194, -8388608, -8388608, 6052104, 5425277, 8388607, 5361896, -8388608, 
5581358, -8388608, -8388608, 6156246, 5487997, 8388607, 5491131, -8388608, 
5603861, -8388608, -8388608, 6480453, 5656636, 8388607, 5912021, -8388608, 
5609342, -8388608, -8388608, 6555746, 5683755, 8388607, 6015965, -8388608, 
5582052, -8388608, -8388608, 6178948, 5483253, 8388607, 5527061, -8388608, 
5573607, -8388608, -8388608, 6053161, 5427228, 8388607, 5361147, -8388608, 
5604241, -8388608, -8388608, 6472890, 5653513, 8388607, 5900126, -8388608, 
5604552, -8388608, -8388608, 6477269, 5655064, 8388607, 5907233, -8388608, 
5609948, -8388608, -8388608, 6560749, 5685353, 8388607, 6021419, -8388608, 
5582353, -8388608, -8388608, 6184466, 5485323, 8388607, 5533606, -8388608, 
5573476, -8388608, -8388608, 6053686, 5426601, 8388607, 5361404, -8388608, 
5610734, -8388608, -8388608, 6565504, 5689544, 8388607, 6026843, -8388608, 
5583381, -8388608, -8388608, 6190824, 5488993, 8388607, 5540837, -8388608, 
5573988, -8388608, -8388608, 6055278, 5428160, 8388607, 5360295, -8388608, 
5584542, -8388608, -8388608, 6201044, 5495036, 8388607, 5553701, -8388608, 
5604040, -8388608, -8388608, 6468743, 5650339, 8388607, 5893827, -8388608, 
5611050, -8388608, -8388608, 6569993, 5690139, 8388607, 6033206, -8388608, 
5603579, -8388608, -8388608, 6463437, 5647116, 8388607, 5885611, -8388608, 
5574286, -8388608, -8388608, 6055124, 5428308, 8388607, 5360809, -8388608, 
5575107, -8388608, -8388608, 6055469, 5429301, 8388607, 5362024, -8388608, 
5582152, -8388608, -8388608, 6145361, 5483702, 8388607, 5473959, -8388608, 
5603759, -8388608, -8388608, 6457962, 5645172, 8388607, 5878261, -8388608, 
5611498, -8388608, -8388608, 6575108, 5693421, 8388607, 6037460, -8388608, 
5584600, -8388608, -8388608, 6205331, 5495949, 8388607, 5559974, -8388608, 
5586183, -8388608, -8388608, 6215658, 5501863, 8388607, 5575883, -8388608, 
5581632, -8388608, -8388608, 6141553, 5482299, 8388607, 5470821, -8388608, 
5603641, -8388608, -8388608, 6447545, 5640310, 8388607, 5869643, -8388608, 
5612363, -8388608, -8388608, 6578230, 5696590, 8388607, 6043063, -8388608, 
5585558, -8388608, -8388608, 6210781, 5500069, 8388607, 5567572, -8388608, 
5574925, -8388608, -8388608, 6054248, 5428863, 8388607, 5361988, -8388608, 
5574798, -8388608, -8388608, 6052471, 5426771, 8388607, 5360877, -8388608, 
5581684, -8388608, -8388608, 6136643, 5478697, 8388607, 5464896, -8388608, 
5603160, -8388608, -8388608, 6442573, 5637811, 8388607, 5860616, -8388608, 
5612758, -8388608, -8388608, 6583283, 5700033, 8388607, 6049698, -8388608, 
5586794, -8388608, -8388608, 6221251, 5507802, 8388607, 5581844, -8388608, 
5575098, -8388608, -8388608, 6054015, 5428921, 8388607, 5362504, -8388608, 
5581529, -8388608, -8388608, 6133956, 5478644, 8388607, 5464115, -8388608, 
5602614, -8388608, -8388608, 6435854, 5635624, 8388607, 5854807, -8388608, 
5612683, -8388608, -8388608, 6585841, 5701263, 8388607, 6054017, -8388608, 
5587126, -8388608, -8388608, 6226437, 5508781, 8388607, 5589463, -8388608, 
5574956, -8388608, -8388608, 6052748, 5427477, 8388607, 5362737, -8388608, 
5581376, -8388608, -8388608, 6129921, 5476054, 8388607, 5458922, -8388608, 
5602759, -8388608, -8388608, 6429725, 5632584, 8388607, 5845936, -8388608, 
5613226, -8388608, -8388608, 6587791, 5703380, 8388607, 6057176, -8388608, 
5587494, -8388608, -8388608, 6231375, 5511856, 8388607, 5596286, -8388608, 
5575076, -8388608, -8388608, 6052969, 5427988, 8388607, 5362185, -8388608, 
5581532, -8388608, -8388608, 6128491, 5476048, 8388607, 5456558, -8388608, 
5602579, -8388608, -8388608, 6425075, 5630449, 8388607, 5839689, -8388608, 
5614079, -8388608, -8388608, 6590997, 5704683, 8388607, 6059644, -8388608, 
5588801, -8388608, -8388608, 6238210, 5515379, 8388607, 5602187, -8388608, 
5614188, -8388608, -8388608, 6596388, 5705754, 8388607, 6066927, -8388608, 
5581296, -8388608, -8388608, 6126665, 5473677, 8388607, 5452648, -8388608, 
5601762, -8388608, -8388608, 6420795, 5627550, 8388607, 5832153, -8388608, 
5615014, -8388608, -8388608, 6611933, 5715983, 8388607, 6082298, -8388608, 
5590045, -8388608, -8388608, 6256061, 5524233, 8388607, 5627364, -8388608, 
5580443, -8388608, -8388608, 6116808, 5468406, 8388607, 5437096, -8388608, 
5614752, -8388608, -8388608, 6606231, 5711688, 8388607, 6075129, -8388608, 
5581818, -8388608, -8388608, 6124138, 5472772, 8388607, 5448526, -8388608, 
5591968, -8388608, -8388608, 6290115, 5541121, 8388607, 5669685, -8388608, 
5601535, -8388608, -8388608, 6407440, 5619956, 8388607, 5813933, -8388608, 
5599921, -8388608, -8388608, 6387519, 5608406, 8388607, 5787728, -8388608, 
5590314, -8388608, -8388608, 6263934, 5527311, 8388607, 5635502, -8388608, 
5590654, -8388608, -8388608, 6271331, 5530593, 8388607, 5644018, -8388608, 
5575191, -8388608, -8388608, 6059583, 5428592, 8388607, 5367883, -8388608, 
5576327, -8388608, -8388608, 6061223, 5428423, 8388607, 5370326, -8388608, 
5600249, -8388608, -8388608, 6399511, 5616289, 8388607, 5801504, -8388608, 
5615124, -8388608, -8388608, 6609653, 5715034, 8388607, 6081145, -8388608, 
5615363, -8388608, -8388608, 6609831, 5712678, 8388607, 6079963, -8388608, 
5575704, -8388608, -8388608, 6061338, 5430366, 8388607, 5369393, -8388608, 
5580839, -8388608, -8388608, 6120860, 5470213, 8388607, 5442663, -8388608, 
5592096, -8388608, -8388608, 6296283, 5543764, 8388607, 5675979, -8388608, 
5575788, -8388608, -8388608, 6063923, 5431188, 8388607, 5372424, -8388608, 
5581163, -8388608, -8388608, 6116165, 5468865, 8388607, 5436969, -8388608, 
5599141, -8388608, -8388608, 6377913, 5605516, 8388607, 5772988, -8388608, 
5615173, -8388608, -8388608, 6614336, 5716933, 8388607, 6083675, -8388608, 
5592733, -8388608, -8388608, 6302833, 5546124, 8388607, 5684609, -8388608, 
5576162, -8388608, -8388608, 6064407, 5429658, 8388607, 5372227, -8388608, 
5580718, -8388608, -8388608, 6113032, 5464555, 8388607, 5432197, -8388608, 
5599041, -8388608, -8388608, 6371171, 5600407, 8388607, 5766336, -8388608, 
5615599, -8388608, -8388608, 6613768, 5716491, 8388607, 6085433, -8388608, 
5580394, -8388608, -8388608, 6110844, 5464596, 8388607, 5430293, -8388608, 
5598200, -8388608, -8388608, 6365392, 5599203, 8388607, 5757804, -8388608, 
5615421, -8388608, -8388608, 6613551, 5718856, 8388607, 6084039, -8388608, 
5593781, -8388608, -8388608, 6313631, 5554299, 8388607, 5697713, -8388608, 
5576140, -8388608, -8388608, 6065243, 5431780, 8388607, 5372233, -8388608, 
5580816, -8388608, -8388608, 6109604, 5463545, 8388607, 5426444, -8388608, 
5598675, -8388608, -8388608, 6359949, 5595809, 8388607, 5750279, -8388608, 
5616202, -8388608, -8388608, 6614289, 5717312, 8388607, 6083798, -8388608, 
5594884, -8388608, -8388608, 6321306, 5555741, 8388607, 5705987, -8388608, 
5576558, -8388608, -8388608, 6067717, 5432427, 8388607, 5375595, -8388608, 
5580325, -8388608, -8388608, 6108398, 5464400, 8388607, 5426063, -8388608, 
5598019, -8388608, -8388608, 6355535, 5594646, 8388607, 5743718, -8388608, 
5616329, -8388608, -8388608, 6615273, 5720216, 8388607, 6085140, -8388608, 
5595519, -8388608, -8388608, 6327594, 5561663, 8388607, 5716411, -8388608, 
5576835, -8388608, -8388608, 6068893, 5433473, 8388607, 5379352, -8388608, 
5580735, -8388608, -8388608, 6107232, 5463444, 8388607, 5424702, -8388608, 
5616899, -8388608, -8388608, 6623999, 5724793, 8388607, 6093538, -8388608, 
5600086, -8388608, -8388608, 6388196, 5592799, 8388607, 5792244, -8388608, 
5596039, -8388608, -8388608, 6335621, 5565689, 8388607, 5724588, -8388608, 
5577212, -8388608, -8388608, 6072411, 5435988, 8388607, 5381374, -8388608, 
5598128, -8388608, -8388608, 6362346, 5578651, 8388607, 5758076, -8388608, 
5597319, -8388608, -8388608, 6325963, 5579911, 8388607, 5704159, -8388608, 
5579319, -8388608, -8388608, 6089848, 5443091, 8388607, 5402557, -8388608, 
5596124, -8388608, -8388608, 6344189, 5569478, 8388607, 5738254, -8388608, 
5577974, -8388608, -8388608, 6081450, 5439302, 8388607, 5393319, -8388608, 
5617361, -8388608, -8388608, 6622318, 5725074, 8388607, 6088614, -8388608, 
5597911, -8388608, -8388608, 6347023, 5590132, 8388607, 5730158, -8388608, 
5581474, -8388608, -8388608, 6108693, 5463214, 8388607, 5422600, -8388608, 
5598489, -8388608, -8388608, 6370341, 5582681, 8388607, 5767819, -8388608, 
5599049, -8388608, -8388608, 6375503, 5585180, 8388607, 5772100, -8388608, 
5580899, -8388608, -8388608, 6110531, 5462710, 8388607, 5425560, -8388608, 
5596978, -8388608, -8388608, 6335381, 5583040, 8388607, 5714148, -8388608, 
5581270, -8388608, -8388608, 6086741, 5452458, 8388607, 5395029, -8388608, 
5593486, -8388608, -8388608, 6263981, 5549313, 8388607, 5616907, -8388608, 
5615123, -8388608, -8388608, 6588559, 5710037, 8388607, 6035686, -8388608, 
5605339, -8388608, -8388608, 6445774, 5624526, 8388607, 5857301, -8388608, 
5582433, -8388608, -8388608, 6107723, 5453201, 8388607, 5420831, -8388608, 
5582315, -8388608, -8388608, 6089868, 5455049, 8388607, 5393806, -8388608, 
5593963, -8388608, -8388608, 6261997, 5549334, 8388607, 5609553, -8388608, 
5615047, -8388608, -8388608, 6586827, 5709873, 8388607, 6028012, -8388608, 
5605644, -8388608, -8388608, 6453078, 5628369, 8388607, 5861916, -8388608, 
5582793, -8388608, -8388608, 6113979, 5455499, 8388607, 5424869, -8388608, 
5582613, -8388608, -8388608, 6093428, 5455238, 8388607, 5393760, -8388608, 
5594218, -8388608, -8388608, 6262449, 5547327, 8388607, 5604764, -8388608, 
5615641, -8388608, -8388608, 6588589, 5709376, 8388607, 6024330, -8388608, 
5607156, -8388608, -8388608, 6464839, 5633279, 8388607, 5871610, -8388608, 
5584248, -8388608, -8388608, 6124995, 5460523, 8388607, 5434354, -8388608, 
5583413, -8388608, -8388608, 6101383, 5458786, 8388607, 5399451, -8388608, 
5594504, -8388608, -8388608, 6265799, 5548317, 8388607, 5604829, -8388608, 
5615573, -8388608, -8388608, 6591711, 5709538, 8388607, 6024166, -8388608, 
5607999, -8388608, -8388608, 6476531, 5638683, 8388607, 5883079, -8388608, 
5585239, -8388608, -8388608, 6134714, 5465418, 8388607, 5444988, -8388608, 
5583862, -8388608, -8388608, 6107191, 5460459, 8388607, 5406571, -8388608, 
5594295, -8388608, -8388608, 6268189, 5548089, 8388607, 5609849, -8388608, 
5614928, -8388608, -8388608, 6594599, 5709264, 8388607, 6031572, -8388608, 
5607713, -8388608, -8388608, 6488723, 5642704, 8388607, 5902480, -8388608, 
5585450, -8388608, -8388608, 6146058, 5468216, 8388607, 5462448, -8388608, 
5584384, -8388608, -8388608, 6115341, 5462353, 8388607, 5419949, -8388608, 
5595180, -8388608, -8388608, 6272123, 5548091, 8388607, 5615969, -8388608, 
5615671, -8388608, -8388608, 6597709, 5710578, 8388607, 6035404, -8388608, 
5609264, -8388608, -8388608, 6500688, 5648748, 8388607, 5917576, -8388608, 
5587148, -8388608, -8388608, 6157113, 5473578, 8388607, 5476643, -8388608, 
5585002, -8388608, -8388608, 6122334, 5465258, 8388607, 5429320, -8388608, 
5594502, -8388608, -8388608, 6273962, 5547870, 8388607, 5620065, -8388608, 
5614854, -8388608, -8388608, 6597821, 5708631, 8388607, 6038225, -8388608, 
5609473, -8388608, -8388608, 6508995, 5650497, 8388607, 5930293, -8388608, 
5587442, -8388608, -8388608, 6163559, 5475083, 8388607, 5485459, -8388608, 
5585490, -8388608, -8388608, 6123656, 5464140, 8388607, 5430339, -8388608, 
5595424, -8388608, -8388608, 6271666, 5544805, 8388607, 5616288, -8388608, 
5615434, -8388608, -8388608, 6593144, 5704368, 8388607, 6031000, -8388608, 
5610389, -8388608, -8388608, 6512546, 5651233, 8388607, 5933690, -8388608, 
5587896, -8388608, -8388608, 6166808, 5475494, 8388607, 5489421, -8388608, 
5585223, -8388608, -8388608, 6122869, 5463048, 8388607, 5429948, -8388608, 
5594559, -8388608, -8388608, 6265572, 5541913, 8388607, 5610450, -8388608, 
5614246, -8388608, -8388608, 6585916, 5701424, 8388607, 6021517, -8388608, 
5610077, -8388608, -8388608, 6512923, 5653558, 8388607, 5933569, -8388608, 
5588007, -8388608, -8388608, 6165215, 5477355, 8388607, 5487446, -8388608, 
5585419, -8388608, -8388608, 6116301, 5461786, 8388607, 5421552, -8388608, 
5594077, -8388608, -8388608, 6254434, 5538103, 8388607, 5593476, -8388608, 
5613412, -8388608, -8388608, 6571253, 5695452, 8388607, 5999989, -8388608, 
5609927, -8388608, -8388608, 6506551, 5650961, 8388607, 5923084, -8388608, 
5587935, -8388608, -8388608, 6159146, 5473766, 8388607, 5476723, -8388608, 
5584924, -8388608, -8388608, 6105460, 5456143, 8388607, 5404058, -8388608, 
5593720, -8388608, -8388608, 6240392, 5531589, 8388607, 5571143, -8388608, 
5612860, -8388608, -8388608, 6557104, 5690187, 8388607, 5976529, -8388608, 
5609791, -8388608, -8388608, 6502258, 5651138, 8388607, 5913587, -8388608, 
5612396, -8388608, -8388608, 6546857, 5687467, 8388607, 5982890, -8388608, 
5584343, -8388608, -8388608, 6097868, 5453854, 8388607, 5402013, -8388608, 
5609988, -8388608, -8388608, 6503700, 5653256, 8388607, 5937924, -8388608, 
5588791, -8388608, -8388608, 6158440, 5476528, 8388607, 5503041, -8388608, 
5585274, -8388608, -8388608, 6099126, 5454884, 8388607, 5430103, -8388608, 
5593477, -8388608, -8388608, 6229383, 5526290, 8388607, 5599274, -8388608, 
5612077, -8388608, -8388608, 6544819, 5683643, 8388607, 6012208, -8388608, 
5610253, -8388608, -8388608, 6510077, 5654774, 8388607, 5981958, -8388608, 
5588779, -8388608, -8388608, 6167402, 5479793, 8388607, 5550114, -8388608, 
5585288, -8388608, -8388608, 6106500, 5458347, 8388607, 5477660, -8388608, 
5593094, -8388608, -8388608, 6234164, 5530446, 8388607, 5642994, -8388608, 
5611185, -8388608, -8388608, 6551843, 5670292, 8388607, 6137428, -8388608, 
5610474, -8388608, -8388608, 6521130, 5660841, 8388607, 6034790, -8388608, 
5610706, -8388608, -8388608, 6535763, 5664874, 8388607, 6087731, -8388608, 
5585813, -8388608, -8388608, 6114873, 5460291, 8388607, 5525413, -8388608, 
5593783, -8388608, -8388608, 6243061, 5526564, 8388607, 5720363, -8388608, 
5590773, -8388608, -8388608, 6208322, 5494186, 8388607, 5698986, -8388608, 
5586515, -8388608, -8388608, 6132056, 5464940, 8388607, 5602258, -8388608, 
5590633, -8388608, -8388608, 6209876, 5493559, 8388607, 5695039, -8388608, 
5611385, -8388608, -8388608, 6560167, 5686074, 8388607, 6143148, -8388608, 
5611087, -8388608, -8388608, 6551984, 5680192, 8388607, 6109378, -8388608, 
5612092, -8388608, -8388608, 6558923, 5672781, 8388607, 6117971, -8388608, 
5613118, -8388608, -8388608, 6552146, 5672274, 8388607, 6059774, -8388608, 
5587946, -8388608, -8388608, 6116758, 5457263, 8388607, 5511851, -8388608, 
5593759, -8388608, -8388608, 6235555, 5523324, 8388607, 5681054, -8388608, 
5611404, -8388608, -8388608, 6544844, 5678473, 8388607, 6074371, -8388608, 
5592948, -8388608, -8388608, 6187694, 5505481, 8388607, 5577416, -8388608, 
5592687, -8388608, -8388608, 6197089, 5491444, 8388607, 5605904, -8388608, 
5587329, -8388608, -8388608, 6099732, 5451878, 8388607, 5480573, -8388608, 
5592448, -8388608, -8388608, 6184364, 5486571, 8388607, 5585566, -8388608, 
5610511, -8388608, -8388608, 6510279, 5665714, 8388607, 6002707, -8388608, 
5609861, -8388608, -8388608, 6494479, 5659753, 8388607, 5964983, -8388608, 
5592717, -8388608, -8388608, 6187348, 5491899, 8388607, 5557299, -8388608, 
5592159, -8388608, -8388608, 6181362, 5487976, 8388607, 5561813, -8388608, 
5586279, -8388608, -8388608, 6079233, 5445351, 8388607, 5425678, -8388608, 
5592967, -8388608, -8388608, 6182888, 5505565, 8388607, 5551684, -8388608, 
5609617, -8388608, -8388608, 6489876, 5659016, 8388607, 5941407, -8388608, 
5586588, -8388608, -8388608, 6081608, 5447247, 8388607, 5418964, -8388608, 
5592972, -8388608, -8388608, 6182740, 5504836, 8388607, 5542769, -8388608, 
5609578, -8388608, -8388608, 6488470, 5658924, 8388607, 5933929, -8388608, 
5592738, -8388608, -8388608, 6181009, 5504123, 8388607, 5527103, -8388608, 
5593109, -8388608, -8388608, 6195248, 5495723, 8388607, 5561643, -8388608, 
5586553, -8388608, -8388608, 6084694, 5448607, 8388607, 5418221, -8388608, 
5593304, -8388608, -8388608, 6199896, 5496994, 8388607, 5563187, -8388608, 
5609377, -8388608, -8388608, 6486159, 5657311, 8388607, 5926483, -8388608, 
5609234, -8388608, -8388608, 6481168, 5654600, 8388607, 5908506, -8388608, 
5613999, -8388608, -8388608, 6552869, 5680108, 8388607, 6003537, -8388608, 
5594409, -8388608, -8388608, 6203469, 5499968, 8388607, 5554396, -8388608, 
5587470, -8388608, -8388608, 6084689, 5448816, 8388607, 5398494, -8388608, 
5593556, -8388608, -8388608, 6176085, 5503204, 8388607, 5513295, -8388608, 
5609673, -8388608, -8388608, 6472901, 5652808, 8388607, 5894488, -8388608, 
5614752, -8388608, -8388608, 6551811, 5681520, 8388607, 6000413, -8388608, 
5595013, -8388608, -8388608, 6203166, 5500074, 8388607, 5555569, -8388608, 
5587439, -8388608, -8388608, 6079358, 5446143, 8388607, 5394744, -8388608, 
5593073, -8388608, -8388608, 6169749, 5499660, 8388607, 5507244, -8388608, 
5609209, -8388608, -8388608, 6465190, 5648403, 8388607, 5885770, -8388608, 
5614334, -8388608, -8388608, 6551149, 5680541, 8388607, 6001506, -8388608, 
5595203, -8388608, -8388608, 6205019, 5501381, 8388607, 5558173, -8388608, 
5587599, -8388608, -8388608, 6076648, 5445197, 8388607, 5391602, -8388608, 
5592947, -8388608, -8388608, 6163590, 5497174, 8388607, 5499642, -8388608, 
5608926, -8388608, -8388608, 6456965, 5645558, 8388607, 5873454, -8388608, 
5614583, -8388608, -8388608, 6550045, 5681688, 8388607, 5998328, -8388608, 
5595548, -8388608, -8388608, 6203604, 5502139, 8388607, 5554694, -8388608, 
5587634, -8388608, -8388608, 6070838, 5443010, 8388607, 5378511, -8388608, 
5592789, -8388608, -8388608, 6154600, 5492512, 8388607, 5480677, -8388608, 
5608666, -8388608, -8388608, 6444443, 5638981, 8388607, 5850583, -8388608, 
5614781, -8388608, -8388608, 6543959, 5678151, 8388607, 5982923, -8388608, 
5595649, -8388608, -8388608, 6200033, 5499556, 8388607, 5541418, -8388608, 
5593293, -8388608, -8388608, 6157530, 5495659, 8388607, 5437300, -8388608, 
5592391, -8388608, -8388608, 6146029, 5490970, 8388607, 5463756, -8388608, 
5608254, -8388608, -8388608, 6433376, 5634377, 8388607, 5830951, -8388608, 
5593916, -8388608, -8388608, 6161373, 5495669, 8388607, 5443907, -8388608, 
5616627, -8388608, -8388608, 6567558, 5691996, 8388607, 5975749, -8388608, 
5587130, -8388608, -8388608, 6061994, 5439420, 8388607, 5355078, -8388608, 
5599597, -8388608, -8388608, 6259991, 5532002, 8388607, 5574633, -8388608, 
5608301, -8388608, -8388608, 6430576, 5632971, 8388607, 5784318, -8388608, 
5615333, -8388608, -8388608, 6552697, 5685194, 8388607, 5976193, -8388608, 
5593353, -8388608, -8388608, 6160421, 5494131, 8388607, 5478087, -8388608, 
5600181, -8388608, -8388608, 6281290, 5539995, 8388607, 5632469, -8388608, 
5616296, -8388608, -8388608, 6574344, 5694684, 8388607, 5974966, -8388608, 
5593829, -8388608, -8388608, 6159083, 5492969, 8388607, 5483534, -8388608, 
5608083, -8388608, -8388608, 6424119, 5629118, 8388607, 5801149, -8388608, 
5601013, -8388608, -8388608, 6286922, 5545427, 8388607, 5652850, -8388608, 
5600222, -8388608, -8388608, 6274219, 5536628, 8388607, 5607280, -8388608, 
5601634, -8388608, -8388608, 6298834, 5550268, 8388607, 5670240, -8388608, 
5607913, -8388608, -8388608, 6419493, 5627743, 8388607, 5811136, -8388608, 
5590087, -8388608, -8388608, 6103284, 5457031, 8388607, 5428311, -8388608, 
5619053, -8388608, -8388608, 6597684, 5707333, 8388607, 6048061, -8388608, 
5593412, -8388608, -8388608, 6152728, 5491078, 8388607, 5494409, -8388608, 
5608466, -8388608, -8388608, 6411440, 5624411, 8388607, 5803788, -8388608, 
5602786, -8388608, -8388608, 6309596, 5556779, 8388607, 5705133, -8388608, 
5594282, -8388608, -8388608, 6157453, 5495569, 8388607, 5486256, -8388608, 
5593664, -8388608, -8388608, 6156039, 5492433, 8388607, 5495685, -8388608, 
5607702, -8388608, -8388608, 6404004, 5620674, 8388607, 5813310, -8388608, 
5607623, -8388608, -8388608, 6397823, 5617507, 8388607, 5805759, -8388608, 
5619606, -8388608, -8388608, 6604867, 5713743, 8388607, 6077376, -8388608, 
5602806, -8388608, -8388608, 6314188, 5558388, 8388607, 5704536, -8388608, 
5589805, -8388608, -8388608, 6102732, 5457137, 8388607, 5428043, -8388608, 
5593009, -8388608, -8388608, 6147784, 5488277, 8388607, 5469075, -8388608, 
5607000, -8388608, -8388608, 6392806, 5615659, 8388607, 5791224, -8388608, 
5606614, -8388608, -8388608, 6380160, 5609998, 8388607, 5755682, -8388608, 
5602846, -8388608, -8388608, 6317686, 5559922, 8388607, 5697420, -8388608, 
5602931, -8388608, -8388608, 6322536, 5563083, 8388607, 5693855, -8388608, 
5589628, -8388608, -8388608, 6100782, 5456611, 8388607, 5403514, -8388608, 
5603795, -8388608, -8388608, 6332560, 5569849, 8388607, 5707423, -8388608, 
5604228, -8388608, -8388608, 6326058, 5565585, 8388607, 5689104, -8388608, 
5590526, -8388608, -8388608, 6100508, 5456288, 8388607, 5394123, -8388608, 
5593145, -8388608, -8388608, 6141099, 5484951, 8388607, 5442799, -8388608, 
5606921, -8388608, -8388608, 6373241, 5606048, 8388607, 5742621, -8388608, 
5620647, -8388608, -8388608, 6602996, 5715292, 8388607, 6045313, -8388608, 
5605765, -8388608, -8388608, 6366909, 5603243, 8388607, 5738893, -8388608, 
5589811, -8388608, -8388608, 6098229, 5455653, 8388607, 5394382, -8388608, 
5589019, -8388608, -8388608, 6097341, 5455252, 8388607, 5402070, -8388608, 
5591969, -8388608, -8388608, 6134432, 5482925, 8388607, 5446516, -8388608, 
5604971, -8388608, -8388608, 6360570, 5600326, 8388607, 5735320, -8388608, 
5619502, -8388608, -8388608, 6600750, 5713664, 8388607, 6052198, -8388608, 
5604459, -8388608, -8388608, 6336603, 5570021, 8388607, 5715036, -8388608, 
5589727, -8388608, -8388608, 6097428, 5455838, 8388607, 5401989, -8388608, 
5590229, -8388608, -8388608, 6108398, 5463340, 8388607, 5394077, -8388608, 
5620891, -8388608, -8388608, 6605518, 5719725, 8388607, 6033028, -8388608, 
5619956, -8388608, -8388608, 6600854, 5715191, 8388607, 6046071, -8388608, 
5620678, -8388608, -8388608, 6602227, 5715942, 8388607, 6031200, -8388608, 
5591646, -8388608, -8388608, 6131454, 5481782, 8388607, 5405361, -8388608, 
5591911, -8388608, -8388608, 6130756, 5481078, 8388607, 5428672, -8388608, 
5605683, -8388608, -8388608, 6350080, 5577848, 8388607, 5705894, -8388608, 
5590039, -8388608, -8388608, 6101524, 5455986, 8388607, 5377316, -8388608, 
5591924, -8388608, -8388608, 6125812, 5476989, 8388607, 5440371, -8388608, 
5607899, -8388608, -8388608, 6379373, 5595999, 8388607, 5771856, -8388608, 
5589618, -8388608, -8388608, 6104428, 5459719, 8388607, 5364854, -8388608, 
5607883, -8388608, -8388608, 6384995, 5598356, 8388607, 5783375, -8388608, 
5604131, -8388608, -8388608, 6329656, 5587325, 8388607, 5703816, -8388608, 
5604553, -8388608, -8388608, 6335249, 5590525, 8388607, 5701798, -8388608, 
5607010, -8388608, -8388608, 6375266, 5592978, 8388607, 5756137, -8388608, 
5590667, -8388608, -8388608, 6109295, 5461445, 8388607, 5408646, -8388608, 
5590799, -8388608, -8388608, 6108786, 5462104, 8388607, 5416786, -8388608, 
5603766, -8388608, -8388608, 6325374, 5583004, 8388607, 5698830, -8388608, 
5620601, -8388608, -8388608, 6601679, 5718743, 8388607, 6064192, -8388608, 
5607936, -8388608, -8388608, 6391099, 5600731, 8388607, 5792225, -8388608, 
5590323, -8388608, -8388608, 6113536, 5462102, 8388607, 5426644, -8388608, 
5591510, -8388608, -8388608, 6125037, 5478151, 8388607, 5442738, -8388608, 
5603361, -8388608, -8388608, 6320439, 5582841, 8388607, 5697313, -8388608, 
5620513, -8388608, -8388608, 6598972, 5718512, 8388607, 6067062, -8388608, 
5608431, -8388608, -8388608, 6395442, 5602772, 8388607, 5806544, -8388608, 
5590249, -8388608, -8388608, 6112574, 5460501, 8388607, 5437571, -8388608, 
5591183, -8388608, -8388608, 6122767, 5475606, 8388607, 5452214, -8388608, 
5603422, -8388608, -8388608, 6316223, 5580096, 8388607, 5703791, -8388608, 
5620470, -8388608, -8388608, 6598971, 5718063, 8388607, 6077999, -8388608, 
5609023, -8388608, -8388608, 6400923, 5604790, 8388607, 5825065, -8388608, 
5590570, -8388608, -8388608, 6113499, 5460171, 8388607, 5450761, -8388608, 
5591701, -8388608, -8388608, 6120576, 5473899, 8388607, 5461185, -8388608, 
5603426, -8388608, -8388608, 6310247, 5576459, 8388607, 5709047, -8388608, 
5620094, -8388608, -8388608, 6595014, 5716289, 8388607, 6087055, -8388608, 
5608901, -8388608, -8388608, 6404712, 5607953, 8388607, 5843361, -8388608, 
5591072, -8388608, -8388608, 6113745, 5461187, 8388607, 5462023, -8388608, 
5591888, -8388608, -8388608, 6117918, 5473283, 8388607, 5467084, -8388608, 
5603047, -8388608, -8388608, 6304699, 5573706, 8388607, 5710910, -8388608, 
5600972, -8388608, -8388608, 6259158, 5551429, 8388607, 5656226, -8388608, 
5609197, -8388608, -8388608, 6409101, 5609157, 8388607, 5855539, -8388608, 
5591184, -8388608, -8388608, 6124459, 5465656, 8388607, 5484381, -8388608, 
5591534, -8388608, -8388608, 6116262, 5472266, 8388607, 5469292, -8388608, 
5602673, -8388608, -8388608, 6299574, 5571304, 8388607, 5706550, -8388608, 
5620111, -8388608, -8388608, 6569484, 5706496, 8388607, 6063143, -8388608, 
5609881, -8388608, -8388608, 6414318, 5611394, 8388607, 5863394, -8388608, 
5591332, -8388608, -8388608, 6105160, 5466069, 8388607, 5457338, -8388608, 
5619948, -8388608, -8388608, 6588326, 5713802, 8388607, 6086879, -8388608, 
5600527, -8388608, -8388608, 6244973, 5546436, 8388607, 5633678, -8388608, 
5590872, -8388608, -8388608, 6110301, 5468271, 8388607, 5469756, -8388608, 
5612100, -8388608, -8388608, 6440594, 5626722, 8388607, 5898704, -8388608, 
5602386, -8388608, -8388608, 6290464, 5566696, 8388607, 5697675, -8388608, 
5592667, -8388608, -8388608, 6130803, 5471200, 8388607, 5486633, -8388608, 
5602004, -8388608, -8388608, 6270668, 5557347, 8388607, 5671160, -8388608, 
5590541, -8388608, -8388608, 6099621, 5466153, 8388607, 5445369, -8388608, 
5600953, -8388608, -8388608, 6240159, 5547442, 8388607, 5631258, -8388608, 
5600306, -8388608, -8388608, 6253988, 5550879, 8388607, 5648007, -8388608, 
5592475, -8388608, -8388608, 6134072, 5473055, 8388607, 5491599, -8388608, 
5591500, -8388608, -8388608, 6121636, 5463683, 8388607, 5486757, -8388608, 
5590908, -8388608, -8388608, 6109009, 5467534, 8388607, 5468329, -8388608, 
5592211, -8388608, -8388608, 6126978, 5468347, 8388607, 5485365, -8388608, 
5593739, -8388608, -8388608, 6136525, 5476132, 8388607, 5499549, -8388608, 
5618923, -8388608, -8388608, 6549313, 5702021, 8388607, 6037043, -8388608, 
5591982, -8388608, -8388608, 6097166, 5465976, 8388607, 5447944, -8388608, 
5601719, -8388608, -8388608, 6237784, 5544607, 8388607, 5631184, -8388608, 
5594181, -8388608, -8388608, 6139005, 5374767, 8388607, 5519629, -8388608, 
5615152, -8388608, -8388608, 6469664, 5641815, 8388607, 5940193, -8388608, 
5590998, -8388608, -8388608, 6070011, 5336204, 8388607, 5435319, -8388608, 
5616978, -8388608, -8388608, 6479578, 5513228, 8388607, 5969166, -8388608, 
5590708, -8388608, -8388608, 6085593, 5385692, 8388607, 5452149, -8388608, 
5619127, -8388608, -8388608, 6541851, 5680403, 8388607, 6039343, -8388608, 
5599560, -8388608, -8388608, 6197386, 5410917, 8388607, 5600942, -8388608, 
5594512, -8388608, -8388608, 6137640, 5353746, 8388607, 5519979, -8388608, 
5591650, -8388608, -8388608, 6092116, 5438500, 8388607, 5456683, -8388608, 
5599599, -8388608, -8388608, 6228583, 5510603, 8388607, 5634380, -8388608, 
5618086, -8388608, -8388608, 6513373, 5561536, 8388607, 6009711, -8388608, 
5617501, -8388608, -8388608, 6523054, 5576263, 8388607, 6017839, -8388608, 
5594407, -8388608, -8388608, 6138616, 5425109, 8388607, 5519195, -8388608, 
5591501, -8388608, -8388608, 6079752, 5350204, 8388607, 5444201, -8388608, 
5617000, -8388608, -8388608, 6480066, 5531618, 8388607, 5966255, -8388608, 
5598410, -8388608, -8388608, 6192636, 5405871, 8388607, 5592304, -8388608, 
5617766, -8388608, -8388608, 6499649, 5548099, 8388607, 5993212, -8388608, 
5617229, -8388608, -8388608, 6480717, 5517043, 8388607, 5970391, -8388608, 
5595081, -8388608, -8388608, 6137581, 5352796, 8388607, 5520259, -8388608, 
5590154, -8388608, -8388608, 6067595, 5337943, 8388607, 5430607, -8388608, 
5597831, -8388608, -8388608, 6187341, 5405694, 8388607, 5587126, -8388608, 
5617201, -8388608, -8388608, 6494000, 5549195, 8388607, 5983761, -8388608, 
5616569, -8388608, -8388608, 6483673, 5521151, 8388607, 5970329, -8388608, 
5594734, -8388608, -8388608, 6141460, 5356023, 8388607, 5522221, -8388608, 
5589587, -8388608, -8388608, 6070051, 5341016, 8388607, 5428854, -8388608, 
5597588, -8388608, -8388608, 6186582, 5408049, 8388607, 5580245, -8388608, 
5616906, -8388608, -8388608, 6491649, 5547968, 8388607, 5977619, -8388608, 
5617073, -8388608, -8388608, 6490618, 5521886, 8388607, 5974341, -8388608, 
5594696, -8388608, -8388608, 6148191, 5354659, 8388607, 5523695, -8388608, 
5590424, -8388608, -8388608, 6070426, 5336952, 8388607, 5427624, -8388608, 
5598049, -8388608, -8388608, 6185835, 5403799, 8388607, 5573746, -8388608, 
5616435, -8388608, -8388608, 6489486, 5544781, 8388607, 5967408, -8388608, 
5616296, -8388608, -8388608, 6494656, 5524729, 8388607, 5974378, -8388608, 
5615457, -8388608, -8388608, 6482323, 5549168, 8388607, 5946248, -8388608, 
5596839, -8388608, -8388608, 6183820, 5405215, 8388607, 5563516, -8388608, 
5615395, -8388608, -8388608, 6485896, 5544184, 8388607, 5957468, -8388608, 
5616202, -8388608, -8388608, 6499339, 5527791, 8388607, 5974003, -8388608, 
5594385, -8388608, -8388608, 6156173, 5363004, 8388607, 5524873, -8388608, 
5590162, -8388608, -8388608, 6072824, 5344882, 8388607, 5416366, -8388608, 
5617477, -8388608, -8388608, 6502071, 5537466, 8388607, 5974789, -8388608, 
5596164, -8388608, -8388608, 6159608, 5373826, 8388607, 5526932, -8388608, 
5590394, -8388608, -8388608, 6073833, 5353695, 8388607, 5413279, -8388608, 
5597172, -8388608, -8388608, 6180774, 5417099, 8388607, 5549233, -8388608, 
5615538, -8388608, -8388608, 6479248, 5556168, 8388607, 5939357, -8388608, 
5617951, -8388608, -8388608, 6507153, 5549120, 8388607, 5978500, -8388608, 
5596161, -8388608, -8388608, 6163221, 5384636, 8388607, 5528634, -8388608, 
5589736, -8388608, -8388608, 6071773, 5361421, 8388607, 5410339, -8388608, 
5596612, -8388608, -8388608, 6176882, 5424156, 8388607, 5545274, -8388608, 
5615080, -8388608, -8388608, 6475282, 5563316, 8388607, 5933225, -8388608, 
5617634, -8388608, -8388608, 6509801, 5556939, 8388607, 5981286, -8388608, 
5596058, -8388608, -8388608, 6166375, 5389223, 8388607, 5533163, -8388608, 
5589993, -8388608, -8388608, 6071228, 5363308, 8388607, 5408798, -8388608, 
5596363, -8388608, -8388608, 6173078, 5424293, 8388607, 5539944, -8388608, 
5615225, -8388608, -8388608, 6469886, 5563914, 8388607, 5928389, -8388608, 
5618345, -8388608, -8388608, 6513687, 5563272, 8388607, 5986754, -8388608, 
5596486, -8388608, -8388608, 6170545, 5393934, 8388607, 5536728, -8388608, 
5590615, -8388608, -8388608, 6071391, 5366271, 8388607, 5407948, -8388608, 
5614121, -8388608, -8388608, 6462749, 5564963, 8388607, 5916323, -8388608, 
5614513, -8388608, -8388608, 6466376, 5564124, 8388607, 5923002, -8388608, 
5618381, -8388608, -8388608, 6517453, 5567118, 8388607, 5991703, -8388608, 
5596418, -8388608, -8388608, 6178981, 5406884, 8388607, 5550739, -8388608, 
5595661, -8388608, -8388608, 6157056, 5430782, 8388607, 5520737, -8388608, 
5602350, -8388608, -8388608, 6235212, 5475183, 8388607, 5615538, -8388608, 
5614082, -8388608, -8388608, 6456058, 5566746, 8388607, 5910296, -8388608, 
5612429, -8388608, -8388608, 6401094, 5582042, 8388607, 5831518, -8388608, 
5598255, -8388608, -8388608, 6195088, 5429253, 8388607, 5567198, -8388608, 
5598428, -8388608, -8388608, 6198986, 5431932, 8388607, 5568977, -8388608, 
5620946, -8388608, -8388608, 6544799, 5619397, 8388607, 6025741, -8388608, 
5591150, -8388608, -8388608, 6067835, 5404594, 8388607, 5397230, -8388608, 
5622673, -8388608, -8388608, 6553929, 5637883, 8388607, 6037635, -8388608, 
5598919, -8388608, -8388608, 6212021, 5446106, 8388607, 5584248, -8388608, 
5595609, -8388608, -8388608, 6137389, 5448815, 8388607, 5487063, -8388608, 
5589709, -8388608, -8388608, 6066426, 5383811, 8388607, 5397893, -8388608, 
5612180, -8388608, -8388608, 6422137, 5576859, 8388607, 5858282, -8388608, 
5601311, -8388608, -8388608, 6228123, 5464394, 8388607, 5613408, -8388608, 
5596599, -8388608, -8388608, 6140793, 5444024, 8388607, 5492719, -8388608, 
5620068, -8388608, -8388608, 6537918, 5606981, 8388607, 6011709, -8388608, 
5612914, -8388608, -8388608, 6411335, 5579715, 8388607, 5848136, -8388608, 
5620211, -8388608, -8388608, 6540048, 5611488, 8388607, 6015629, -8388608, 
5595092, -8388608, -8388608, 6146669, 5440875, 8388607, 5494851, -8388608, 
5600824, -8388608, -8388608, 6217528, 5452323, 8388607, 5595259, -8388608, 
5591298, -8388608, -8388608, 6067178, 5397383, 8388607, 5397844, -8388608, 
5622261, -8388608, -8388608, 6548609, 5626229, 8388607, 6032220, -8388608, 
5591874, -8388608, -8388608, 6063532, 5410796, 8388607, 5388334, -8388608, 
5596179, -8388608, -8388608, 6132534, 5453108, 8388607, 5477510, -8388608, 
5612616, -8388608, -8388608, 6397961, 5586525, 8388607, 5824118, -8388608, 
5622706, -8388608, -8388608, 6554909, 5651291, 8388607, 6034071, -8388608, 
5603429, -8388608, -8388608, 6238479, 5483069, 8388607, 5619038, -8388608, 
5591252, -8388608, -8388608, 6064990, 5409299, 8388607, 5389839, -8388608, 
5604562, -8388608, -8388608, 6281344, 5500693, 8388607, 5686566, -8388608, 
5611182, -8388608, -8388608, 6352676, 5572734, 8388607, 5776329, -8388608, 
5612273, -8388608, -8388608, 6384151, 5585765, 8388607, 5807182, -8388608, 
5591413, -8388608, -8388608, 6063641, 5415570, 8388607, 5391521, -8388608, 
5592194, -8388608, -8388608, 6066320, 5416319, 8388607, 5405233, -8388608, 
5611827, -8388608, -8388608, 6379006, 5587496, 8388607, 5804736, -8388608, 
5622732, -8388608, -8388608, 6558667, 5657298, 8388607, 6041675, -8388608, 
5622567, -8388608, -8388608, 6565406, 5663289, 8388607, 6053821, -8388608, 
5591786, -8388608, -8388608, 6063471, 5415303, 8388607, 5394699, -8388608, 
5596116, -8388608, -8388608, 6117771, 5458773, 8388607, 5471029, -8388608, 
5593844, -8388608, -8388608, 6055514, 5331428, 8388607, 5427619, -8388608, 
5606568, -8388608, -8388608, 6270796, 5509391, 8388607, 5672908, -8388608, 
5610090, -8388608, -8388608, 6363883, 5583171, 8388607, 5786231, -8388608, 
5625907, -8388608, -8388608, 6531058, 5523006, 8388607, 6061450, -8388608, 
5596205, -8388608, -8388608, 6077365, 5334695, 8388607, 5470268, -8388608, 
5593032, -8388608, -8388608, 6066487, 5421767, 8388607, 5400396, -8388608, 
5610804, -8388608, -8388608, 6336579, 5510978, 8388607, 5771093, -8388608, 
5608708, -8388608, -8388608, 6286480, 5398934, 8388607, 5735901, -8388608, 
5610790, -8388608, -8388608, 6348125, 5554599, 8388607, 5775057, -8388608, 
5594493, -8388608, -8388608, 6063239, 5367971, 8388607, 5416006, -8388608, 
5607374, -8388608, -8388608, 6267444, 5405038, 8388607, 5722756, -8388608, 
5597281, -8388608, -8388608, 6092248, 5368500, 8388607, 5475594, -8388608, 
5610902, -8388608, -8388608, 6266329, 5358291, 8388607, 5696995, -8388608, 
5605165, -8388608, -8388608, 6228186, 5378510, 8388607, 5645949, -8388608, 
5593275, -8388608, -8388608, 6034075, 5276333, 8388607, 5415239, -8388608, 
5607613, -8388608, -8388608, 6244643, 5388485, 8388607, 5686338, -8388608, 
5592616, -8388608, -8388608, 6009965, 5254444, 8388607, 5367219, -8388608, 
5623716, -8388608, -8388608, 6513219, 5496434, 8388607, 6044166, -8388608, 
5623556, -8388608, -8388608, 6490867, 5482869, 8388607, 5999490, -8388608, 
5592391, -8388608, -8388608, 5991268, 5260622, 8388607, 5326158, -8388608, 
5596490, -8388608, -8388608, 6052120, 5297616, 8388607, 5439857, -8388608, 
5594666, -8388608, -8388608, 6036958, 5288075, 8388607, 5409666, -8388608, 
5592819, -8388608, -8388608, 5998128, 5252657, 8388607, 5341329, -8388608, 
5624441, -8388608, -8388608, 6498267, 5487069, 8388607, 6014411, -8388608, 
5610239, -8388608, -8388608, 6268439, 5357796, 8388607, 5710884, -8388608, 
5622427, -8388608, -8388608, 6455140, 5483914, 8388607, 5930371, -8388608, 
5594164, -8388608, -8388608, 6021295, 5282649, 8388607, 5381205, -8388608, 
5594252, -8388608, -8388608, 5999748, 5283861, 8388607, 5344266, -8388608, 
5624040, -8388608, -8388608, 6474088, 5480066, 8388607, 5972088, -8388608, 
5608541, -8388608, -8388608, 6271979, 5369959, 8388607, 5693222, -8388608, 
5590158, -8388608, -8388608, 6003756, 5253978, 8388607, 5344654, -8388608, 
5591881, -8388608, -8388608, 6019406, 5281483, 8388607, 5368899, -8388608, 
5589996, -8388608, -8388608, 5998114, 5256839, 8388607, 5337356, -8388608, 
5603958, -8388608, -8388608, 6135196, 5369576, 8388607, 5505815, -8388608, 
5615289, -8388608, -8388608, 6297292, 5407361, 8388607, 5718277, -8388608, 
5622500, -8388608, -8388608, 6458713, 5478894, 8388607, 5947266, -8388608, 
5612779, -8388608, -8388608, 6275967, 5384850, 8388607, 5691420, -8388608, 
5590492, -8388608, -8388608, 5972047, 5284482, 8388607, 5298575, -8388608, 
5612846, -8388608, -8388608, 6294179, 5404539, 8388607, 5708532, -8388608, 
5611371, -8388608, -8388608, 6274922, 5378516, 8388607, 5691396, -8388608, 
5593686, -8388608, -8388608, 5980490, 5288472, 8388607, 5307286, -8388608, 
5591612, -8388608, -8388608, 5992484, 5267328, 8388607, 5313104, -8388608, 
5610292, -8388608, -8388608, 6284105, 5393281, 8388607, 5691168, -8388608, 
5602887, -8388608, -8388608, 6129822, 5363313, 8388607, 5495602, -8388608, 
5593694, -8388608, -8388608, 5987647, 5272818, 8388607, 5313961, -8388608, 
5592787, -8388608, -8388608, 5967776, 5285193, 8388607, 5297031, -8388608, 
5614185, -8388608, -8388608, 6301427, 5411993, 8388607, 5726394, -8388608, 
5613167, -8388608, -8388608, 6280369, 5391261, 8388607, 5693072, -8388608, 
5593294, -8388608, -8388608, 5985265, 5269085, 8388607, 5315043, -8388608, 
5592654, -8388608, -8388608, 5976347, 5286222, 8388607, 5295929, -8388608, 
5601040, -8388608, -8388608, 6118635, 5361444, 8388607, 5490013, -8388608, 
5593238, -8388608, -8388608, 5993932, 5273711, 8388607, 5319977, -8388608, 
5599988, -8388608, -8388608, 6113738, 5359318, 8388607, 5486304, -8388608, 
5620574, -8388608, -8388608, 6403132, 5484028, 8388607, 5863924, -8388608, 
5614213, -8388608, -8388608, 6302578, 5412054, 8388607, 5727948, -8388608, 
5593927, -8388608, -8388608, 5993375, 5278217, 8388607, 5328001, -8388608, 
5596588, -8388608, -8388608, 6045926, 5348282, 8388607, 5402990, -8388608, 
5619576, -8388608, -8388608, 6371159, 5469985, 8388607, 5818658, -8388608, 
5618693, -8388608, -8388608, 6399895, 5482664, 8388607, 5862334, -8388608, 
5616408, -8388608, -8388608, 6332949, 5441136, 8388607, 5760999, -8388608, 
5595636, -8388608, -8388608, 6039494, 5311896, 8388607, 5388326, -8388608, 
5590083, -8388608, -8388608, 5943056, 5286971, 8388607, 5270658, -8388608, 
5614419, -8388608, -8388608, 6319626, 5472937, 8388607, 5754333, -8388608, 
5616718, -8388608, -8388608, 6317231, 5428184, 8388607, 5752784, -8388608, 
5618071, -8388608, -8388608, 6350633, 5455629, 8388607, 5794538, -8388608, 
5590095, -8388608, -8388608, 5939491, 5288539, 8388607, 5265238, -8388608, 
5615258, -8388608, -8388608, 6283926, 5457560, 8388607, 5736376, -8388608, 
5596958, -8388608, -8388608, 6050996, 5349816, 8388607, 5410230, -8388608, 
5592435, -8388608, -8388608, 5936341, 5285904, 8388607, 5282509, -8388608, 
5590997, -8388608, -8388608, 5937024, 5286170, 8388607, 5278493, -8388608, 
5620653, -8388608, -8388608, 6390119, 5481899, 8388607, 5865648, -8388608, 
5598444, -8388608, -8388608, 6021830, 5339687, 8388607, 5388471, -8388608, 
5619743, -8388608, -8388608, 6384392, 5477636, 8388607, 5849259, -8388608, 
5596881, -8388608, -8388608, 6017913, 5338226, 8388607, 5387863, -8388608, 
5598399, -8388608, -8388608, 6052753, 5316882, 8388607, 5419597, -8388608, 
5600182, -8388608, -8388608, 6065080, 5326004, 8388607, 5439992, -8388608, 
5614442, -8388608, -8388608, 6308301, 5469868, 8388607, 5750924, -8388608, 
5613550, -8388608, -8388608, 6279774, 5456114, 8388607, 5727315, -8388608, 
5590098, -8388608, -8388608, 5938945, 5286103, 8388607, 5282981, -8388608, 
5588824, -8388608, -8388608, 5937966, 5286789, 8388607, 5268154, -8388608, 
5590963, -8388608, -8388608, 5938196, 5285994, 8388607, 5280149, -8388608, 
5592372, -8388608, -8388608, 5938131, 5288023, 8388607, 5283000, -8388608, 
5619930, -8388608, -8388608, 6382353, 5477208, 8388607, 5852021, -8388608, 
5621805, -8388608, -8388608, 6392223, 5482337, 8388607, 5870034, -8388608, 
5595880, -8388608, -8388608, 6015396, 5335254, 8388607, 5384916, -8388608, 
5621106, -8388608, -8388608, 6401234, 5488083, 8388607, 5879801, -8388608, 
5601007, -8388608, -8388608, 6084414, 5332131, 8388607, 5465341, -8388608, 
5592588, -8388608, -8388608, 5937731, 5285266, 8388607, 5284166, -8388608, 
5597274, -8388608, -8388608, 6014071, 5335983, 8388607, 5381319, -8388608, 
5613532, -8388608, -8388608, 6275570, 5457430, 8388607, 5723064, -8388608, 
5621959, -8388608, -8388608, 6401054, 5491205, 8388607, 5883423, -8388608, 
5601329, -8388608, -8388608, 6086761, 5336104, 8388607, 5469476, -8388608, 
5591408, -8388608, -8388608, 5940578, 5289153, 8388607, 5283363, -8388608, 
5597161, -8388608, -8388608, 6011908, 5337199, 8388607, 5378235, -8388608, 
5611834, -8388608, -8388608, 6273439, 5457846, 8388607, 5715704, -8388608, 
5602597, -8388608, -8388608, 6096838, 5340297, 8388607, 5479817, -8388608, 
5603608, -8388608, -8388608, 6090804, 5338166, 8388607, 5474039, -8388608, 
5592698, -8388608, -8388608, 5940152, 5288601, 8388607, 5282473, -8388608, 
5612351, -8388608, -8388608, 6268369, 5454476, 8388607, 5709890, -8388608, 
5602587, -8388608, -8388608, 6101401, 5345348, 8388607, 5496663, -8388608, 
5591761, -8388608, -8388608, 5939746, 5288848, 8388607, 5284287, -8388608, 
5602958, -8388608, -8388608, 6108532, 5348747, 8388607, 5506051, -8388608, 
5613031, -8388608, -8388608, 6261464, 5451826, 8388607, 5709135, -8388608, 
5592669, -8388608, -8388608, 5939094, 5288016, 8388607, 5288952, -8388608, 
5590601, -8388608, -8388608, 5941037, 5291162, 8388607, 5290766, -8388608, 
5592738, -8388608, -8388608, 5943281, 5293112, 8388607, 5300258, -8388608, 
5597039, -8388608, -8388608, 6002718, 5335690, 8388607, 5377825, -8388608, 
5612533, -8388608, -8388608, 6254513, 5452686, 8388607, 5704723, -8388608, 
5621174, -8388608, -8388608, 6414589, 5503580, 8388607, 5911249, -8388608, 
5624256, -8388608, -8388608, 6415619, 5504815, 8388607, 5916391, -8388608, 
5591311, -8388608, -8388608, 5941363, 5289271, 8388607, 5297035, -8388608, 
5596435, -8388608, -8388608, 6003402, 5336189, 8388607, 5380051, -8388608, 
5594539, -8388608, -8388608, 6003429, 5335483, 8388607, 5380379, -8388608, 
5612821, -8388608, -8388608, 6251504, 5449991, 8388607, 5702429, -8388608, 
5624852, -8388608, -8388608, 6418985, 5506830, 8388607, 5922611, -8388608, 
5605457, -8388608, -8388608, 6120073, 5356354, 8388607, 5531104, -8388608, 
5593329, -8388608, -8388608, 5942793, 5292498, 8388607, 5303233, -8388608, 
5597744, -8388608, -8388608, 6001759, 5336186, 8388607, 5382056, -8388608, 
5613076, -8388608, -8388608, 6246833, 5450401, 8388607, 5699188, -8388608, 
5624263, -8388608, -8388608, 6421385, 5508318, 8388607, 5924367, -8388608, 
5605119, -8388608, -8388608, 6125709, 5359857, 8388607, 5535268, -8388608, 
5593208, -8388608, -8388608, 5945851, 5295752, 8388607, 5301906, -8388608, 
5597715, -8388608, -8388608, 6000284, 5337966, 8388607, 5376348, -8388608, 
5612534, -8388608, -8388608, 6242579, 5450465, 8388607, 5691159, -8388608, 
5623611, -8388608, -8388608, 6422125, 5510229, 8388607, 5923876, -8388608, 
5603791, -8388608, -8388608, 6129757, 5360723, 8388607, 5538189, -8388608, 
5593399, -8388608, -8388608, 5945373, 5293358, 8388607, 5299016, -8388608, 
5598036, -8388608, -8388608, 5999369, 5333071, 8388607, 5371913, -8388608, 
5624619, -8388608, -8388608, 6424171, 5512225, 8388607, 5923551, -8388608, 
5606186, -8388608, -8388608, 6134778, 5366282, 8388607, 5542552, -8388608, 
5593484, -8388608, -8388608, 5945837, 5295620, 8388607, 5295538, -8388608, 
5596954, -8388608, -8388608, 5997501, 5336066, 8388607, 5364842, -8388608, 
5611383, -8388608, -8388608, 6235041, 5447071, 8388607, 5675378, -8388608, 
5624739, -8388608, -8388608, 6423976, 5513111, 8388607, 5921582, -8388608, 
5606253, -8388608, -8388608, 6139266, 5365123, 8388607, 5545699, -8388608, 
5596629, -8388608, -8388608, 5994562, 5334884, 8388607, 5358088, -8388608, 
5597011, -8388608, -8388608, 5995977, 5333573, 8388607, 5362736, -8388608, 
5612466, -8388608, -8388608, 6233112, 5447099, 8388607, 5670403, -8388608, 
5625114, -8388608, -8388608, 6424314, 5515886, 8388607, 5923279, -8388608, 
5606884, -8388608, -8388608, 6147676, 5372920, 8388607, 5556018, -8388608, 
5593495, -8388608, -8388608, 5946103, 5294866, 8388607, 5295056, -8388608, 
5597093, -8388608, -8388608, 5994461, 5334228, 8388607, 5360924, -8388608, 
5612083, -8388608, -8388608, 6227477, 5446126, 8388607, 5665193, -8388608, 
5595253, -8388608, -8388608, 5991029, 5334423, 8388607, 5368626, -8388608, 
5607965, -8388608, -8388608, 6179148, 5390054, 8388607, 5610281, -8388608, 
5607316, -8388608, -8388608, 6151759, 5374916, 8388607, 5560504, -8388608, 
5593580, -8388608, -8388608, 5948724, 5297751, 8388607, 5295387, -8388608, 
5610958, -8388608, -8388608, 6210838, 5442892, 8388607, 5653232, -8388608, 
5610913, -8388608, -8388608, 6221493, 5442391, 8388607, 5656665, -8388608, 
5593080, -8388608, -8388608, 5952313, 5299969, 8388607, 5312741, -8388608, 
5605801, -8388608, -8388608, 6157620, 5376370, 8388607, 5569151, -8388608, 
5625431, -8388608, -8388608, 6431549, 5521738, 8388607, 5940666, -8388608, 
5596933, -8388608, -8388608, 5992258, 5336796, 8388607, 5359473, -8388608, 
5611334, -8388608, -8388608, 6218027, 5443758, 8388607, 5655905, -8388608, 
5595213, -8388608, -8388608, 5992560, 5335194, 8388607, 5363409, -8388608, 
5605998, -8388608, -8388608, 6162894, 5377875, 8388607, 5578174, -8388608, 
5593933, -8388608, -8388608, 5959029, 5305054, 8388607, 5325157, -8388608, 
5624555, -8388608, -8388608, 6436773, 5530901, 8388607, 5954524, -8388608, 
5611153, -8388608, -8388608, 6216972, 5441981, 8388607, 5654619, -8388608, 
5610706, -8388608, -8388608, 6199972, 5438496, 8388607, 5642810, -8388608, 
5623331, -8388608, -8388608, 6434727, 5526097, 8388607, 5949476, -8388608, 
5596016, -8388608, -8388608, 5990809, 5337311, 8388607, 5369447, -8388608, 
5610191, -8388608, -8388608, 6203971, 5440623, 8388607, 5650323, -8388608, 
5624898, -8388608, -8388608, 6436313, 5529123, 8388607, 5953675, -8388608, 
5596731, -8388608, -8388608, 5991533, 5338634, 8388607, 5372072, -8388608, 
5608677, -8388608, -8388608, 6193722, 5398398, 8388607, 5632763, -8388608, 
5594584, -8388608, -8388608, 5958243, 5303709, 8388607, 5326011, -8388608, 
5626114, -8388608, -8388608, 6437524, 5530908, 8388607, 5955679, -8388608, 
5610813, -8388608, -8388608, 6198824, 5403038, 8388607, 5639833, -8388608, 
5594097, -8388608, -8388608, 5961263, 5308208, 8388607, 5327212, -8388608, 
5596089, -8388608, -8388608, 5991814, 5341855, 8388607, 5368388, -8388608, 
5609360, -8388608, -8388608, 6197664, 5441761, 8388607, 5638793, -8388608, 
5596994, -8388608, -8388608, 5989748, 5339963, 8388607, 5368548, -8388608, 
5610009, -8388608, -8388608, 6193036, 5438726, 8388607, 5633595, -8388608, 
5625861, -8388608, -8388608, 6438089, 5535363, 8388607, 5955729, -8388608, 
5611294, -8388608, -8388608, 6209880, 5410302, 8388607, 5652538, -8388608, 
5594606, -8388608, -8388608, 5964839, 5308230, 8388607, 5329929, -8388608, 
5596873, -8388608, -8388608, 5989711, 5338503, 8388607, 5365811, -8388608, 
5609961, -8388608, -8388608, 6189824, 5436931, 8388607, 5628403, -8388608, 
5625821, -8388608, -8388608, 6438886, 5534818, 8388607, 5954010, -8388608, 
5611553, -8388608, -8388608, 6215678, 5413215, 8388607, 5656325, -8388608, 
5594729, -8388608, -8388608, 5965840, 5311074, 8388607, 5328479, -8388608, 
5597477, -8388608, -8388608, 5988964, 5340395, 8388607, 5361724, -8388608, 
5609644, -8388608, -8388608, 6185470, 5437291, 8388607, 5619645, -8388608, 
5596932, -8388608, -8388608, 5986931, 5339451, 8388607, 5356694, -8388608, 
5612330, -8388608, -8388608, 6218168, 5415561, 8388607, 5657723, -8388608, 
5609094, -8388608, -8388608, 6182827, 5434248, 8388607, 5611814, -8388608, 
5625329, -8388608, -8388608, 6436439, 5535066, 8388607, 5945754, -8388608, 
5612178, -8388608, -8388608, 6221044, 5416098, 8388607, 5661152, -8388608, 
5594971, -8388608, -8388608, 5964874, 5310469, 8388607, 5324674, -8388608, 
5597373, -8388608, -8388608, 5986298, 5338703, 8388607, 5354555, -8388608, 
5609754, -8388608, -8388608, 6178831, 5435218, 8388607, 5609111, -8388608, 
5626300, -8388608, -8388608, 6436375, 5539709, 8388607, 5944706, -8388608, 
5626093, -8388608, -8388608, 6435008, 5539197, 8388607, 5943348, -8388608, 
5595146, -8388608, -8388608, 5967175, 5314296, 8388607, 5325598, -8388608, 
5596216, -8388608, -8388608, 5985701, 5340123, 8388607, 5351478, -8388608, 
5613672, -8388608, -8388608, 6237128, 5433117, 8388607, 5681888, -8388608, 
5595756, -8388608, -8388608, 5967700, 5314918, 8388607, 5330191, -8388608, 
5597045, -8388608, -8388608, 5984486, 5343478, 8388607, 5353843, -8388608, 
5609799, -8388608, -8388608, 6171998, 5438462, 8388607, 5598943, -8388608, 
5596075, -8388608, -8388608, 5970279, 5319279, 8388607, 5334459, -8388608, 
5596223, -8388608, -8388608, 5972266, 5328010, 8388607, 5343016, -8388608, 
5627261, -8388608, -8388608, 6430748, 5573120, 8388607, 5952525, -8388608, 
5626457, -8388608, -8388608, 6435079, 5553885, 8388607, 5948423, -8388608, 
5626183, -8388608, -8388608, 6427592, 5583644, 8388607, 5938884, -8388608, 
5625374, -8388608, -8388608, 6432646, 5569757, 8388607, 5953166, -8388608, 
5596918, -8388608, -8388608, 5974696, 5361539, 8388607, 5345248, -8388608, 
5597217, -8388608, -8388608, 5982162, 5351114, 8388607, 5356906, -8388608, 
5597380, -8388608, -8388608, 5976664, 5342464, 8388607, 5353215, -8388608, 
5616643, -8388608, -8388608, 6270603, 5486664, 8388607, 5732082, -8388608, 
5626366, -8388608, -8388608, 6430393, 5576079, 8388607, 5952278, -8388608, 
5626923, -8388608, -8388608, 6424369, 5586524, 8388607, 5929994, -8388608, 
5597464, -8388608, -8388608, 5978506, 5348263, 8388607, 5349266, -8388608, 
5609061, -8388608, -8388608, 6149449, 5452786, 8388607, 5578221, -8388608, 
5597862, -8388608, -8388608, 5974626, 5363691, 8388607, 5338224, -8388608, 
5616984, -8388608, -8388608, 6275531, 5490914, 8388607, 5737802, -8388608, 
5597646, -8388608, -8388608, 5981943, 5351248, 8388607, 5350679, -8388608, 
5598338, -8388608, -8388608, 5974119, 5363434, 8388607, 5340333, -8388608, 
5608833, -8388608, -8388608, 6139371, 5450649, 8388607, 5558351, -8388608, 
5626314, -8388608, -8388608, 6426456, 5583944, 8388607, 5933989, -8388608, 
5616931, -8388608, -8388608, 6280015, 5493859, 8388607, 5740648, -8388608, 
5618506, -8388608, -8388608, 6290222, 5502761, 8388607, 5751631, -8388608, 
5598825, -8388608, -8388608, 5988133, 5359276, 8388607, 5353874, -8388608, 
5598161, -8388608, -8388608, 5974716, 5368649, 8388607, 5337634, -8388608, 
5608253, -8388608, -8388608, 6133306, 5452933, 8388607, 5544435, -8388608, 
5597746, -8388608, -8388608, 5974923, 5365522, 8388607, 5338786, -8388608, 
5617971, -8388608, -8388608, 6294819, 5505430, 8388607, 5756326, -8388608, 
5607860, -8388608, -8388608, 6130690, 5449803, 8388607, 5542619, -8388608, 
5626272, -8388608, -8388608, 6423293, 5586642, 8388607, 5925623, -8388608, 
5608524, -8388608, -8388608, 6125590, 5448048, 8388607, 5538908, -8388608, 
5598315, -8388608, -8388608, 5975797, 5366846, 8388607, 5341346, -8388608, 
5597774, -8388608, -8388608, 5974516, 5366054, 8388607, 5338584, -8388608, 
5620403, -8388608, -8388608, 6311471, 5512440, 8388607, 5780428, -8388608, 
5608348, -8388608, -8388608, 6127773, 5448488, 8388607, 5539508, -8388608, 
5626579, -8388608, -8388608, 6421286, 5587543, 8388607, 5926216, -8388608, 
5620096, -8388608, -8388608, 6316033, 5516389, 8388607, 5786579, -8388608, 
5599146, -8388608, -8388608, 6001581, 5362613, 8388607, 5374869, -8388608, 
5607923, -8388608, -8388608, 6123399, 5446931, 8388607, 5536392, -8388608, 
5626625, -8388608, -8388608, 6420302, 5586601, 8388607, 5924278, -8388608, 
5620638, -8388608, -8388608, 6320848, 5519164, 8388607, 5793442, -8388608, 
5599543, -8388608, -8388608, 6003858, 5364635, 8388607, 5379338, -8388608, 
5597776, -8388608, -8388608, 5975609, 5365141, 8388607, 5344962, -8388608, 
5607598, -8388608, -8388608, 6120780, 5445166, 8388607, 5533789, -8388608, 
5626441, -8388608, -8388608, 6419096, 5586857, 8388607, 5922938, -8388608, 
5598743, -8388608, -8388608, 5976773, 5366454, 8388607, 5344666, -8388608, 
5608276, -8388608, -8388608, 6118896, 5445590, 8388607, 5531500, -8388608, 
5627061, -8388608, -8388608, 6417296, 5587600, 8388607, 5920637, -8388608, 
5621685, -8388608, -8388608, 6330060, 5525539, 8388607, 5805220, -8388608, 
5600362, -8388608, -8388608, 6009200, 5367201, 8388607, 5384630, -8388608, 
5607722, -8388608, -8388608, 6116931, 5443663, 8388607, 5526113, -8388608, 
5626615, -8388608, -8388608, 6416018, 5585908, 8388607, 5917356, -8388608, 
5621686, -8388608, -8388608, 6335056, 5528937, 8388607, 5810575, -8388608, 
5600522, -8388608, -8388608, 6013344, 5371388, 8388607, 5387594, -8388608, 
5598734, -8388608, -8388608, 5978346, 5368371, 8388607, 5342529, -8388608, 
5607749, -8388608, -8388608, 6115905, 5444124, 8388607, 5520736, -8388608, 
5626475, -8388608, -8388608, 6415429, 5586358, 8388607, 5911895, -8388608, 
5622079, -8388608, -8388608, 6340106, 5531148, 8388607, 5812334, -8388608, 
5600760, -8388608, -8388608, 6016601, 5371689, 8388607, 5387867, -8388608, 
5598544, -8388608, -8388608, 5978733, 5367913, 8388607, 5339541, -8388608, 
5607226, -8388608, -8388608, 6114331, 5443699, 8388607, 5515596, -8388608, 
5625930, -8388608, -8388608, 6414650, 5587301, 8388607, 5908341, -8388608, 
5621888, -8388608, -8388608, 6344983, 5534289, 8388607, 5816321, -8388608, 
5601117, -8388608, -8388608, 6019518, 5373434, 8388607, 5389891, -8388608, 
5599176, -8388608, -8388608, 5979094, 5368721, 8388607, 5337649, -8388608, 
5607788, -8388608, -8388608, 6113314, 5443222, 8388607, 5510572, -8388608, 
5626550, -8388608, -8388608, 6414141, 5586819, 8388607, 5904723, -8388608, 
5623114, -8388608, -8388608, 6350788, 5538132, 8388607, 5820989, -8388608, 
5602108, -8388608, -8388608, 6024064, 5377356, 8388607, 5391553, -8388608, 
5599420, -8388608, -8388608, 5980684, 5370794, 8388607, 5336799, -8388608, 
5608005, -8388608, -8388608, 6111077, 5443988, 8388607, 5507088, -8388608, 
5626659, -8388608, -8388608, 6412184, 5588594, 8388607, 5900894, -8388608, 
5623265, -8388608, -8388608, 6355494, 5540704, 8388607, 5827119, -8388608, 
5601840, -8388608, -8388608, 6026683, 5376276, 8388607, 5397708, -8388608, 
5598698, -8388608, -8388608, 5979038, 5368319, 8388607, 5338896, -8388608, 
5607228, -8388608, -8388608, 6108138, 5443188, 8388607, 5507418, -8388608, 
5626165, -8388608, -8388608, 6410347, 5588654, 8388607, 5901216, -8388608, 
5623032, -8388608, -8388608, 6359547, 5544384, 8388607, 5833181, -8388608, 
5601883, -8388608, -8388608, 6029620, 5380061, 8388607, 5401760, -8388608, 
5598549, -8388608, -8388608, 5980016, 5370832, 8388607, 5339416, -8388608, 
5607003, -8388608, -8388608, 6106602, 5442996, 8388607, 5504481, -8388608, 
5625843, -8388608, -8388608, 6408129, 5588963, 8388607, 5898533, -8388608, 
5623344, -8388608, -8388608, 6362294, 5548044, 8388607, 5838946, -8388608, 
5601994, -8388608, -8388608, 6031882, 5381656, 8388607, 5405178, -8388608, 
5598819, -8388608, -8388608, 5979162, 5370225, 8388607, 5338836, -8388608, 
5607407, -8388608, -8388608, 6103521, 5441333, 8388607, 5501408, -8388608, 
5626319, -8388608, -8388608, 6405154, 5588193, 8388607, 5896483, -8388608, 
5624435, -8388608, -8388608, 6366259, 5551807, 8388607, 5844793, -8388608, 
5603009, -8388608, -8388608, 6035452, 5384806, 8388607, 5409079, -8388608, 
5599819, -8388608, -8388608, 5979600, 5370445, 8388607, 5338321, -8388608, 
5607743, -8388608, -8388608, 6102329, 5439690, 8388607, 5497343, -8388608, 
5626863, -8388608, -8388608, 6403063, 5586169, 8388607, 5891243, -8388608, 
5624860, -8388608, -8388608, 6369758, 5552784, 8388607, 5847986, -8388608, 
5602965, -8388608, -8388608, 6037724, 5385799, 8388607, 5412378, -8388608, 
5599106, -8388608, -8388608, 5979019, 5371088, 8388607, 5338054, -8388608, 
5607282, -8388608, -8388608, 6099431, 5441149, 8388607, 5495464, -8388608, 
5626108, -8388608, -8388608, 6401353, 5588846, 8388607, 5888974, -8388608, 
5624530, -8388608, -8388608, 6374384, 5558173, 8388607, 5853658, -8388608, 
5602963, -8388608, -8388608, 6041028, 5390223, 8388607, 5417497, -8388608, 
5599146, -8388608, -8388608, 5979611, 5372918, 8388607, 5339369, -8388608, 
5607339, -8388608, -8388608, 6098441, 5441309, 8388607, 5493988, -8388608, 
5626314, -8388608, -8388608, 6398785, 5587713, 8388607, 5886284, -8388608, 
5624917, -8388608, -8388608, 6377438, 5559332, 8388607, 5858408, -8388608, 
5602923, -8388608, -8388608, 6043774, 5389962, 8388607, 5421243, -8388608, 
5598493, -8388608, -8388608, 5979279, 5372333, 8388607, 5340109, -8388608, 
5605879, -8388608, -8388608, 6096568, 5440903, 8388607, 5493868, -8388608, 
5624887, -8388608, -8388608, 6397182, 5588778, 8388607, 5885669, -8388608, 
5624541, -8388608, -8388608, 6382305, 5563370, 8388607, 5864078, -8388608, 
5602584, -8388608, -8388608, 6047740, 5392627, 8388607, 5425536, -8388608, 
5598477, -8388608, -8388608, 5979070, 5371976, 8388607, 5340031, -8388608, 
5606242, -8388608, -8388608, 6094326, 5438690, 8388607, 5489491, -8388608, 
5625170, -8388608, -8388608, 6394584, 5585594, 8388607, 5880484, -8388608, 
5625184, -8388608, -8388608, 6385037, 5563309, 8388607, 5867405, -8388608, 
5603551, -8388608, -8388608, 6050212, 5393818, 8388607, 5427389, -8388608, 
5599301, -8388608, -8388608, 5979584, 5372651, 8388607, 5337049, -8388608, 
5606897, -8388608, -8388608, 6092493, 5438389, 8388607, 5484058, -8388608, 
5625423, -8388608, -8388608, 6392157, 5585344, 8388607, 5874800, -8388608, 
5625481, -8388608, -8388608, 6389944, 5567534, 8388607, 5870194, -8388608, 
5603956, -8388608, -8388608, 6053926, 5396673, 8388607, 5429359, -8388608, 
5599731, -8388608, -8388608, 5979346, 5372543, 8388607, 5335292, -8388608, 
5607282, -8388608, -8388608, 6090950, 5437706, 8388607, 5480194, -8388608, 
5625783, -8388608, -8388608, 6390930, 5585891, 8388607, 5871951, -8388608, 
5626169, -8388608, -8388608, 6394655, 5570774, 8388607, 5876283, -8388608, 
5604204, -8388608, -8388608, 6057630, 5398926, 8388607, 5435057, -8388608, 
5606430, -8388608, -8388608, 6088547, 5436550, 8388607, 5479619, -8388608, 
5624960, -8388608, -8388608, 6387214, 5583376, 8388607, 5869486, -8388608, 
5625793, -8388608, -8388608, 6396894, 5570459, 8388607, 5880373, -8388608, 
5604108, -8388608, -8388608, 6059459, 5398056, 8388607, 5437546, -8388608, 
5599166, -8388608, -8388608, 5979054, 5372718, 8388607, 5334808, -8388608, 
5606520, -8388608, -8388608, 6087673, 5437601, 8388607, 5476619, -8388608, 
5624759, -8388608, -8388608, 6386157, 5584439, 8388607, 5866084, -8388608, 
5626453, -8388608, -8388608, 6401720, 5576418, 8388607, 5886653, -8388608, 
5604908, -8388608, -8388608, 6063366, 5403281, 8388607, 5444904, -8388608, 
5600035, -8388608, -8388608, 5979547, 5372907, 8388607, 5337496, -8388608, 
5607366, -8388608, -8388608, 6086059, 5435406, 8388607, 5474634, -8388608, 
5625712, -8388608, -8388608, 6382804, 5581832, 8388607, 5861480, -8388608, 
5627804, -8388608, -8388608, 6404684, 5575534, 8388607, 5890198, -8388608, 
5606496, -8388608, -8388608, 6066232, 5402027, 8388607, 5447403, -8388608, 
5601000, -8388608, -8388608, 5979539, 5373444, 8388607, 5336483, -8388608, 
5607833, -8388608, -8388608, 6085114, 5436849, 8388607, 5473654, -8388608, 
5626104, -8388608, -8388608, 6380549, 5582708, 8388607, 5859569, -8388608, 
5628528, -8388608, -8388608, 6408736, 5579876, 8388607, 5896269, -8388608, 
5606589, -8388608, -8388608, 6070911, 5405619, 8388607, 5453023, -8388608, 
5607366, -8388608, -8388608, 6083334, 5434803, 8388607, 5472565, -8388608, 
5625349, -8388608, -8388608, 6377583, 5581194, 8388607, 5856150, -8388608, 
5627664, -8388608, -8388608, 6412149, 5582450, 8388607, 5900644, -8388608, 
5606251, -8388608, -8388608, 6074099, 5408493, 8388607, 5457378, -8388608, 
5600517, -8388608, -8388608, 5980632, 5374739, 8388607, 5339053, -8388608, 
5607238, -8388608, -8388608, 6081044, 5435232, 8388607, 5471338, -8388608, 
5625220, -8388608, -8388608, 6374247, 5579596, 8388607, 5853568, -8388608, 
5628216, -8388608, -8388608, 6414624, 5582785, 8388607, 5906735, -8388608, 
5606456, -8388608, -8388608, 6075913, 5408661, 8388607, 5463296, -8388608, 
5600071, -8388608, -8388608, 5978699, 5373913, 8388607, 5340388, -8388608, 
5606974, -8388608, -8388608, 6078755, 5435589, 8388607, 5471391, -8388608, 
5625171, -8388608, -8388608, 6371906, 5581118, 8388607, 5853510, -8388608, 
5628496, -8388608, -8388608, 6418642, 5587820, 8388607, 5913306, -8388608, 
5606726, -8388608, -8388608, 6079774, 5414000, 8388607, 5468409, -8388608, 
5600449, -8388608, -8388608, 5980249, 5377076, 8388607, 5339809, -8388608, 
5607416, -8388608, -8388608, 6077547, 5434882, 8388607, 5466645, -8388608, 
5625380, -8388608, -8388608, 6368651, 5578043, 8388607, 5846882, -8388608, 
5629335, -8388608, -8388608, 6421113, 5588161, 8388607, 5915691, -8388608, 
5607596, -8388608, -8388608, 6082378, 5413101, 8388607, 5472370, -8388608, 
5600840, -8388608, -8388608, 5978304, 5373914, 8388607, 5339779, -8388608, 
5607573, -8388608, -8388608, 6074764, 5433544, 8388607, 5465619, -8388608, 
5625718, -8388608, -8388608, 6365822, 5578639, 8388607, 5845235, -8388608, 
5607701, -8388608, -8388608, 6085132, 5415339, 8388607, 5477334, -8388608, 
5600768, -8388608, -8388608, 5978827, 5374952, 8388607, 5340739, -8388608, 
5607472, -8388608, -8388608, 6073156, 5433007, 8388607, 5463635, -8388608, 
5625240, -8388608, -8388608, 6363028, 5578721, 8388607, 5840993, -8388608, 
5629807, -8388608, -8388608, 6427256, 5595322, 8388607, 5926770, -8388608, 
5608061, -8388608, -8388608, 6089058, 5418411, 8388607, 5484098, -8388608, 
5600397, -8388608, -8388608, 5978996, 5375403, 8388607, 5341736, -8388608, 
5606471, -8388608, -8388608, 6070893, 5431889, 8388607, 5461759, -8388608, 
5624411, -8388608, -8388608, 6359286, 5575292, 8388607, 5837122, -8388608, 
